Epoch,BZ_GSM,Vx,proton_density
2023-05-05 00:00:00,-2.7,,
2023-05-05 00:01:00,-2.71,,
2023-05-05 00:02:00,-2.86,,
2023-05-05 00:03:00,-2.8,,
2023-05-05 00:04:00,-2.82,,
2023-05-05 00:05:00,-2.89,,
2023-05-05 00:06:00,-2.89,,
2023-05-05 00:07:00,-2.9,,
2023-05-05 00:08:00,-3.03,,
2023-05-05 00:09:00,-3.04,,
2023-05-05 00:10:00,-3.02,,
2023-05-05 00:11:00,-2.98,-389.7,6.63
2023-05-05 00:12:00,-2.93,-389.7,6.63
2023-05-05 00:13:00,-3.0,-387.7,6.75
2023-05-05 00:14:00,-3.04,-387.7,6.75
2023-05-05 00:15:00,-3.01,-387.7,6.75
2023-05-05 00:16:00,-2.97,,
2023-05-05 00:17:00,-3.03,,
2023-05-05 00:18:00,-3.04,,
2023-05-05 00:19:00,-3.04,,
2023-05-05 00:20:00,-2.93,,
2023-05-05 00:21:00,-2.92,,
2023-05-05 00:22:00,-3.05,,
2023-05-05 00:23:00,-2.96,-387.5,6.71
2023-05-05 00:24:00,-2.83,-387.5,6.71
2023-05-05 00:25:00,-2.88,,
2023-05-05 00:26:00,-2.99,,
2023-05-05 00:27:00,-3.01,-387.3,6.55
2023-05-05 00:28:00,-2.95,-387.3,6.55
2023-05-05 00:29:00,-3.08,-387.3,6.55
2023-05-05 00:30:00,-3.07,,
2023-05-05 00:31:00,,-388.6,6.3
2023-05-05 00:32:00,-3.05,-388.6,6.3
2023-05-05 00:33:00,-3.07,-388.6,6.3
2023-05-05 00:34:00,,,
2023-05-05 00:35:00,-3.18,-399.0,5.67
2023-05-05 00:36:00,-3.13,-398.0,5.79
2023-05-05 00:37:00,-2.46,-386.9,7.1
2023-05-05 00:38:00,-2.25,-386.3,7.17
2023-05-05 00:39:00,-2.63,-388.5,6.47
2023-05-05 00:40:00,-2.54,-388.5,6.47
2023-05-05 00:41:00,-2.43,-388.2,6.48
2023-05-05 00:42:00,-2.04,-388.2,6.48
2023-05-05 00:43:00,-2.53,-388.1,6.16
2023-05-05 00:44:00,-2.22,-388.1,6.16
2023-05-05 00:45:00,-2.41,-388.1,6.16
2023-05-05 00:46:00,-2.69,,
2023-05-05 00:47:00,-1.61,-391.7,8.05
2023-05-05 00:48:00,-2.45,-391.7,8.05
2023-05-05 00:49:00,-2.14,-391.9,8.05
2023-05-05 00:50:00,-2.01,-391.1,8.1
2023-05-05 00:51:00,-2.05,-388.9,8.24
2023-05-05 00:52:00,-2.33,-388.8,8.34
2023-05-05 00:53:00,-1.63,-388.8,8.34
2023-05-05 00:54:00,-1.83,-388.8,8.34
2023-05-05 00:55:00,-2.36,-391.3,7.91
2023-05-05 00:56:00,-1.46,-391.3,7.91
2023-05-05 00:57:00,-1.51,-387.6,8.35
2023-05-05 00:58:00,-1.99,-387.9,8.4
2023-05-05 00:59:00,-1.76,-388.0,8.41
2023-05-05 01:00:00,-1.84,-389.4,8.09
2023-05-05 01:01:00,-2.16,-389.4,8.09
2023-05-05 01:02:00,-1.92,-389.4,8.09
2023-05-05 01:03:00,-1.96,-389.6,8.13
2023-05-05 01:04:00,-2.08,-389.6,8.13
2023-05-05 01:05:00,-1.82,,
2023-05-05 01:06:00,-1.83,-390.2,8.25
2023-05-05 01:07:00,-1.88,-390.2,8.25
2023-05-05 01:08:00,-1.88,-389.7,8.19
2023-05-05 01:09:00,-2.02,-389.6,8.18
2023-05-05 01:10:00,-1.95,,
2023-05-05 01:11:00,-1.89,,
2023-05-05 01:12:00,-1.92,-388.8,8.05
2023-05-05 01:13:00,-2.0,-388.8,8.05
2023-05-05 01:14:00,-1.96,-388.3,8.02
2023-05-05 01:15:00,-2.04,-388.2,8.0
2023-05-05 01:16:00,-2.02,-387.4,7.82
2023-05-05 01:17:00,-1.96,-387.4,7.52
2023-05-05 01:18:00,-2.23,-387.5,7.36
2023-05-05 01:19:00,-1.77,,
2023-05-05 01:20:00,-1.67,,
2023-05-05 01:21:00,-1.86,-386.7,8.04
2023-05-05 01:22:00,-1.69,-365.5,7.65
2023-05-05 01:23:00,-2.03,-372.4,7.71
2023-05-05 01:24:00,-2.13,-386.8,7.93
2023-05-05 01:25:00,,,
2023-05-05 01:26:00,-2.25,,
2023-05-05 01:27:00,-2.25,,
2023-05-05 01:28:00,,,
2023-05-05 01:29:00,,,
2023-05-05 01:30:00,,,
2023-05-05 01:31:00,-2.28,,
2023-05-05 01:32:00,,,
2023-05-05 01:33:00,,,
2023-05-05 01:34:00,,,
2023-05-05 01:35:00,,,
2023-05-05 01:36:00,-2.19,,
2023-05-05 01:37:00,,,
2023-05-05 01:38:00,,,
2023-05-05 01:39:00,,,
2023-05-05 01:40:00,,,
2023-05-05 01:41:00,-2.25,,
2023-05-05 01:42:00,-2.4,,
2023-05-05 01:43:00,-2.36,,
2023-05-05 01:44:00,-2.15,,
2023-05-05 01:45:00,-2.35,,
2023-05-05 01:46:00,-2.33,,
2023-05-05 01:47:00,-2.27,-383.2,7.41
2023-05-05 01:48:00,-2.21,-383.2,7.41
2023-05-05 01:49:00,-2.4,-383.2,7.41
2023-05-05 01:50:00,-2.33,-384.8,7.23
2023-05-05 01:51:00,-2.31,-384.8,7.23
2023-05-05 01:52:00,-2.31,-386.5,7.4
2023-05-05 01:53:00,-2.09,-384.0,7.43
2023-05-05 01:54:00,-1.81,-385.0,7.36
2023-05-05 01:55:00,-2.03,-382.9,7.25
2023-05-05 01:56:00,-2.26,-383.4,6.32
2023-05-05 01:57:00,-2.24,-382.8,6.14
2023-05-05 01:58:00,-2.19,,
2023-05-05 01:59:00,-1.91,,
2023-05-05 02:00:00,-2.2,,
2023-05-05 02:01:00,-2.2,,
2023-05-05 02:02:00,-2.36,-382.1,5.5
2023-05-05 02:03:00,-2.49,-382.0,5.53
2023-05-05 02:04:00,-2.53,-381.7,5.61
2023-05-05 02:05:00,-2.56,-381.5,5.68
2023-05-05 02:06:00,-2.41,-380.9,5.4
2023-05-05 02:07:00,-2.59,-382.4,6.0
2023-05-05 02:08:00,-2.69,-384.5,6.14
2023-05-05 02:09:00,-2.65,-383.6,5.86
2023-05-05 02:10:00,-2.35,-383.1,5.87
2023-05-05 02:11:00,-2.06,,
2023-05-05 02:12:00,-2.03,,
2023-05-05 02:13:00,-2.28,,
2023-05-05 02:14:00,-2.18,,
2023-05-05 02:15:00,-2.08,,
2023-05-05 02:16:00,-2.11,,
2023-05-05 02:17:00,-2.23,,
2023-05-05 02:18:00,-2.16,,
2023-05-05 02:19:00,-2.17,,
2023-05-05 02:20:00,-2.13,,
2023-05-05 02:21:00,-2.03,,
2023-05-05 02:22:00,-2.34,,
2023-05-05 02:23:00,-2.51,,
2023-05-05 02:24:00,-2.47,,
2023-05-05 02:25:00,-2.52,,
2023-05-05 02:26:00,-2.45,,
2023-05-05 02:27:00,-2.5,,
2023-05-05 02:28:00,-2.38,,
2023-05-05 02:29:00,-2.36,,
2023-05-05 02:30:00,-2.49,,
2023-05-05 02:31:00,-2.44,,
2023-05-05 02:32:00,-2.24,,
2023-05-05 02:33:00,-2.49,,
2023-05-05 02:34:00,-2.44,,
2023-05-05 02:35:00,-2.48,,
2023-05-05 02:36:00,-2.5,-384.0,5.57
2023-05-05 02:37:00,-2.45,-383.7,5.64
2023-05-05 02:38:00,-2.43,-383.5,5.68
2023-05-05 02:39:00,-2.32,,
2023-05-05 02:40:00,-2.43,-390.7,5.24
2023-05-05 02:41:00,-2.51,-390.7,5.24
2023-05-05 02:42:00,-1.99,,
2023-05-05 02:43:00,-2.15,,
2023-05-05 02:44:00,-1.82,-383.6,5.73
2023-05-05 02:45:00,-1.84,-383.6,5.73
2023-05-05 02:46:00,-1.29,,
2023-05-05 02:47:00,-1.53,-354.4,2.44
2023-05-05 02:48:00,-1.9,-356.1,2.67
2023-05-05 02:49:00,-1.6,-356.9,2.7
2023-05-05 02:50:00,-1.57,-355.2,2.52
2023-05-05 02:51:00,-1.66,-353.8,2.54
2023-05-05 02:52:00,-1.68,-354.9,2.77
2023-05-05 02:53:00,-1.82,-353.1,2.51
2023-05-05 02:54:00,-1.62,-352.4,2.42
2023-05-05 02:55:00,-1.7,-352.4,2.42
2023-05-05 02:56:00,-1.95,-384.8,5.87
2023-05-05 02:57:00,-1.82,-384.8,5.87
2023-05-05 02:58:00,-2.05,,
2023-05-05 02:59:00,-2.2,,
2023-05-05 03:00:00,-1.92,,
2023-05-05 03:01:00,-1.93,,
2023-05-05 03:02:00,-2.1,-351.9,2.69
2023-05-05 03:03:00,-2.17,-351.9,2.69
2023-05-05 03:04:00,-1.99,-352.4,2.79
2023-05-05 03:05:00,-1.87,-352.2,2.75
2023-05-05 03:06:00,-1.76,-351.7,2.65
2023-05-05 03:07:00,-1.68,-351.8,2.74
2023-05-05 03:08:00,-1.76,-351.8,2.74
2023-05-05 03:09:00,-1.66,,
2023-05-05 03:10:00,-1.61,,
2023-05-05 03:11:00,-1.74,,
2023-05-05 03:12:00,-1.54,,
2023-05-05 03:13:00,-1.53,,
2023-05-05 03:14:00,-1.42,,
2023-05-05 03:15:00,-1.74,-354.7,2.37
2023-05-05 03:16:00,-1.78,-354.7,2.37
2023-05-05 03:17:00,-1.76,-354.7,2.37
2023-05-05 03:18:00,-1.78,,
2023-05-05 03:19:00,-1.77,,
2023-05-05 03:20:00,-1.68,,
2023-05-05 03:21:00,-1.66,,
2023-05-05 03:22:00,-1.72,,
2023-05-05 03:23:00,-1.78,,
2023-05-05 03:24:00,-1.7,,
2023-05-05 03:25:00,-1.61,-355.3,2.9
2023-05-05 03:26:00,-1.59,-355.3,2.9
2023-05-05 03:27:00,-1.72,-355.1,2.92
2023-05-05 03:28:00,-1.5,-355.1,2.93
2023-05-05 03:29:00,-1.58,-355.1,2.93
2023-05-05 03:30:00,-1.51,-354.5,2.95
2023-05-05 03:31:00,-1.38,-354.5,2.95
2023-05-05 03:32:00,-1.27,-354.5,2.95
2023-05-05 03:33:00,-1.25,,
2023-05-05 03:34:00,-1.32,,
2023-05-05 03:35:00,-1.21,-351.3,2.89
2023-05-05 03:36:00,-1.38,-351.3,2.88
2023-05-05 03:37:00,-1.16,-349.8,2.3
2023-05-05 03:38:00,-1.28,-351.4,2.16
2023-05-05 03:39:00,-1.22,-351.7,2.15
2023-05-05 03:40:00,-1.11,-350.6,2.85
2023-05-05 03:41:00,-1.0,-350.6,2.85
2023-05-05 03:42:00,-0.98,,
2023-05-05 03:43:00,-0.91,,
2023-05-05 03:44:00,-0.84,-350.1,2.79
2023-05-05 03:45:00,-0.93,-350.1,2.79
2023-05-05 03:46:00,-1.04,,
2023-05-05 03:47:00,-1.17,,
2023-05-05 03:48:00,-0.79,,
2023-05-05 03:49:00,-0.76,,
2023-05-05 03:50:00,-1.0,,
2023-05-05 03:51:00,-0.91,-353.7,2.9
2023-05-05 03:52:00,-0.85,-353.7,2.9
2023-05-05 03:53:00,-0.87,,
2023-05-05 03:54:00,-0.9,,
2023-05-05 03:55:00,-0.89,,
2023-05-05 03:56:00,-0.94,,
2023-05-05 03:57:00,-0.96,,
2023-05-05 03:58:00,-0.93,,
2023-05-05 03:59:00,-0.86,-352.7,2.79
2023-05-05 04:00:00,-0.82,-352.7,2.79
2023-05-05 04:01:00,-0.86,,
2023-05-05 04:02:00,-0.81,,
2023-05-05 04:03:00,-0.79,,
2023-05-05 04:04:00,-0.75,,
2023-05-05 04:05:00,-0.89,,
2023-05-05 04:06:00,-0.72,,
2023-05-05 04:07:00,-0.6,-348.3,2.27
2023-05-05 04:08:00,-1.08,-348.3,2.27
2023-05-05 04:09:00,-1.15,-348.3,2.27
2023-05-05 04:10:00,-1.07,-350.5,2.87
2023-05-05 04:11:00,-1.07,-350.5,2.87
2023-05-05 04:12:00,-1.09,,
2023-05-05 04:13:00,-1.17,,
2023-05-05 04:14:00,-1.15,,
2023-05-05 04:15:00,-1.04,-349.8,2.42
2023-05-05 04:16:00,-0.56,-349.8,2.42
2023-05-05 04:17:00,-0.63,-349.8,2.42
2023-05-05 04:18:00,-0.61,,
2023-05-05 04:19:00,-0.71,,
2023-05-05 04:20:00,-0.73,,
2023-05-05 04:21:00,-0.78,,
2023-05-05 04:22:00,-0.87,,
2023-05-05 04:23:00,-0.88,,
2023-05-05 04:24:00,-0.95,-346.0,2.46
2023-05-05 04:25:00,-1.0,-346.0,2.46
2023-05-05 04:26:00,-0.99,-346.8,2.58
2023-05-05 04:27:00,-1.07,-346.8,2.58
2023-05-05 04:28:00,-1.11,-346.8,2.58
2023-05-05 04:29:00,-1.14,-347.0,2.44
2023-05-05 04:30:00,-1.17,-347.0,2.44
2023-05-05 04:31:00,-1.15,-347.0,2.44
2023-05-05 04:32:00,-1.12,-346.0,2.24
2023-05-05 04:33:00,-1.09,-346.0,2.24
2023-05-05 04:34:00,-1.11,-346.0,2.24
2023-05-05 04:35:00,-1.04,-346.3,2.55
2023-05-05 04:36:00,-0.98,-346.3,2.55
2023-05-05 04:37:00,-0.95,,
2023-05-05 04:38:00,-0.99,-346.2,2.56
2023-05-05 04:39:00,-1.32,-347.5,2.56
2023-05-05 04:40:00,-1.38,-351.8,2.54
2023-05-05 04:41:00,-1.45,-351.7,2.52
2023-05-05 04:42:00,-1.42,,
2023-05-05 04:43:00,-1.33,-348.2,2.36
2023-05-05 04:44:00,-1.54,-349.0,2.35
2023-05-05 04:45:00,-1.99,-351.7,2.3
2023-05-05 04:46:00,-1.76,-350.1,2.17
2023-05-05 04:47:00,-1.64,-349.7,2.09
2023-05-05 04:48:00,-1.73,-350.3,2.15
2023-05-05 04:49:00,-1.71,-347.0,2.32
2023-05-05 04:50:00,-1.79,-345.6,2.38
2023-05-05 04:51:00,-1.77,-348.0,2.18
2023-05-05 04:52:00,-1.69,-348.0,2.18
2023-05-05 04:53:00,-1.7,-348.0,2.18
2023-05-05 04:54:00,-1.73,,
2023-05-05 04:55:00,-1.83,-349.2,2.25
2023-05-05 04:56:00,-1.99,-349.7,2.2
2023-05-05 04:57:00,-2.2,-351.2,2.25
2023-05-05 04:58:00,-2.4,-352.1,2.35
2023-05-05 04:59:00,-1.91,-352.1,2.3
2023-05-05 05:00:00,-1.96,-351.4,2.29
2023-05-05 05:01:00,-2.14,-350.2,2.24
2023-05-05 05:02:00,-2.47,-355.3,2.16
2023-05-05 05:03:00,-1.37,-358.2,2.46
2023-05-05 05:04:00,-1.56,-360.6,2.83
2023-05-05 05:05:00,-1.27,-358.3,2.71
2023-05-05 05:06:00,-0.98,-346.5,1.72
2023-05-05 05:07:00,-0.96,-346.5,1.72
2023-05-05 05:08:00,-1.16,-344.9,1.7
2023-05-05 05:09:00,-1.07,-344.9,1.7
2023-05-05 05:10:00,-0.94,-346.1,2.01
2023-05-05 05:11:00,-0.75,-345.6,1.77
2023-05-05 05:12:00,-0.65,-345.5,1.75
2023-05-05 05:13:00,-0.48,-345.6,1.77
2023-05-05 05:14:00,-0.43,,
2023-05-05 05:15:00,-0.47,,
2023-05-05 05:16:00,-0.41,,
2023-05-05 05:17:00,-0.62,,
2023-05-05 05:18:00,-0.48,,
2023-05-05 05:19:00,-0.49,,
2023-05-05 05:20:00,-0.26,,
2023-05-05 05:21:00,-0.19,,
2023-05-05 05:22:00,-0.16,,
2023-05-05 05:23:00,-0.23,,
2023-05-05 05:24:00,0.11,-367.3,3.46
2023-05-05 05:25:00,0.12,-367.3,3.46
2023-05-05 05:26:00,-0.14,,
2023-05-05 05:27:00,-0.02,,
2023-05-05 05:28:00,-0.07,-365.5,3.38
2023-05-05 05:29:00,0.04,-365.5,3.38
2023-05-05 05:30:00,0.06,-365.5,3.38
2023-05-05 05:31:00,0.01,,
2023-05-05 05:32:00,0.2,,
2023-05-05 05:33:00,-0.17,-366.8,3.5
2023-05-05 05:34:00,-0.31,-366.8,3.5
2023-05-05 05:35:00,-0.94,,
2023-05-05 05:36:00,-0.76,,
2023-05-05 05:37:00,-0.68,,
2023-05-05 05:38:00,-0.22,,
2023-05-05 05:39:00,-0.07,,
2023-05-05 05:40:00,0.06,,
2023-05-05 05:41:00,0.16,,
2023-05-05 05:42:00,0.32,-367.2,3.44
2023-05-05 05:43:00,-0.44,-367.2,3.44
2023-05-05 05:44:00,-0.71,,
2023-05-05 05:45:00,-0.84,,
2023-05-05 05:46:00,-0.75,,
2023-05-05 05:47:00,-0.77,,
2023-05-05 05:48:00,-0.49,,
2023-05-05 05:49:00,-0.1,,
2023-05-05 05:50:00,-0.22,,
2023-05-05 05:51:00,-0.33,,
2023-05-05 05:52:00,-0.25,,
2023-05-05 05:53:00,-0.19,,
2023-05-05 05:54:00,-0.36,,
2023-05-05 05:55:00,-0.26,,
2023-05-05 05:56:00,-0.28,,
2023-05-05 05:57:00,-0.21,,
2023-05-05 05:58:00,-0.26,,
2023-05-05 05:59:00,-0.3,,
2023-05-05 06:00:00,-0.41,,
2023-05-05 06:01:00,-0.12,,
2023-05-05 06:02:00,-0.17,,
2023-05-05 06:03:00,-0.49,,
2023-05-05 06:04:00,-0.66,,
2023-05-05 06:05:00,-0.54,,
2023-05-05 06:06:00,-0.63,,
2023-05-05 06:07:00,-0.5,,
2023-05-05 06:08:00,-0.4,,
2023-05-05 06:09:00,-0.38,,
2023-05-05 06:10:00,-0.41,,
2023-05-05 06:11:00,-0.49,,
2023-05-05 06:12:00,-0.52,,
2023-05-05 06:13:00,-0.51,,
2023-05-05 06:14:00,-0.46,,
2023-05-05 06:15:00,-0.04,,
2023-05-05 06:16:00,-0.21,,
2023-05-05 06:17:00,-0.33,,
2023-05-05 06:18:00,-0.26,,
2023-05-05 06:19:00,-0.05,,
2023-05-05 06:20:00,-0.3,,
2023-05-05 06:21:00,-0.39,,
2023-05-05 06:22:00,-0.44,,
2023-05-05 06:23:00,-0.39,,
2023-05-05 06:24:00,-0.29,,
2023-05-05 06:25:00,-0.32,,
2023-05-05 06:26:00,-0.22,,
2023-05-05 06:27:00,-0.18,,
2023-05-05 06:28:00,-0.2,,
2023-05-05 06:29:00,-0.4,,
2023-05-05 06:30:00,-0.14,,
2023-05-05 06:31:00,-0.22,,
2023-05-05 06:32:00,-0.31,,
2023-05-05 06:33:00,-0.3,,
2023-05-05 06:34:00,-0.04,,
2023-05-05 06:35:00,-0.28,,
2023-05-05 06:36:00,-0.31,,
2023-05-05 06:37:00,-0.29,,
2023-05-05 06:38:00,-0.44,,
2023-05-05 06:39:00,-0.62,,
2023-05-05 06:40:00,-0.75,,
2023-05-05 06:41:00,-0.49,,
2023-05-05 06:42:00,-0.07,,
2023-05-05 06:43:00,-0.16,,
2023-05-05 06:44:00,-0.48,,
2023-05-05 06:45:00,-0.09,,
2023-05-05 06:46:00,0.11,,
2023-05-05 06:47:00,-0.23,,
2023-05-05 06:48:00,-0.73,,
2023-05-05 06:49:00,-0.54,,
2023-05-05 06:50:00,-0.43,,
2023-05-05 06:51:00,-0.69,,
2023-05-05 06:52:00,-0.35,,
2023-05-05 06:53:00,-0.4,,
2023-05-05 06:54:00,-0.83,,
2023-05-05 06:55:00,-0.42,,
2023-05-05 06:56:00,-0.58,,
2023-05-05 06:57:00,-0.78,,
2023-05-05 06:58:00,-0.66,,
2023-05-05 06:59:00,-0.73,,
2023-05-05 07:00:00,-0.62,,
2023-05-05 07:01:00,-0.72,,
2023-05-05 07:02:00,-0.6,,
2023-05-05 07:03:00,-0.54,,
2023-05-05 07:04:00,-0.64,,
2023-05-05 07:05:00,-0.69,,
2023-05-05 07:06:00,-0.48,,
2023-05-05 07:07:00,-0.32,,
2023-05-05 07:08:00,-0.62,,
2023-05-05 07:09:00,-0.86,,
2023-05-05 07:10:00,-0.59,,
2023-05-05 07:11:00,-0.4,,
2023-05-05 07:12:00,-0.43,,
2023-05-05 07:13:00,-0.43,,
2023-05-05 07:14:00,-0.26,,
2023-05-05 07:15:00,-0.06,,
2023-05-05 07:16:00,0.13,,
2023-05-05 07:17:00,0.16,,
2023-05-05 07:18:00,0.1,,
2023-05-05 07:19:00,0.01,,
2023-05-05 07:20:00,-0.16,,
2023-05-05 07:21:00,-0.46,,
2023-05-05 07:22:00,-0.6,,
2023-05-05 07:23:00,-0.72,,
2023-05-05 07:24:00,-0.85,,
2023-05-05 07:25:00,-0.75,,
2023-05-05 07:26:00,-0.6,,
2023-05-05 07:27:00,-0.37,,
2023-05-05 07:28:00,-0.51,-344.0,2.01
2023-05-05 07:29:00,-0.34,-344.0,2.01
2023-05-05 07:30:00,-0.74,-344.5,1.92
2023-05-05 07:31:00,-0.85,-344.5,1.92
2023-05-05 07:32:00,-0.66,-344.5,1.92
2023-05-05 07:33:00,-0.38,,
2023-05-05 07:34:00,-0.93,,
2023-05-05 07:35:00,-0.74,,
2023-05-05 07:36:00,-0.64,,
2023-05-05 07:37:00,-0.69,,
2023-05-05 07:38:00,-0.48,,
2023-05-05 07:39:00,-0.67,,
2023-05-05 07:40:00,-1.0,,
2023-05-05 07:41:00,-0.85,,
2023-05-05 07:42:00,-0.73,,
2023-05-05 07:43:00,-0.76,,
2023-05-05 07:44:00,-0.83,,
2023-05-05 07:45:00,-0.8,-344.7,1.86
2023-05-05 07:46:00,-0.9,-344.7,1.86
2023-05-05 07:47:00,-0.91,-344.7,1.86
2023-05-05 07:48:00,-1.03,,
2023-05-05 07:49:00,-0.89,,
2023-05-05 07:50:00,-0.97,,
2023-05-05 07:51:00,-0.95,,
2023-05-05 07:52:00,-1.13,,
2023-05-05 07:53:00,-1.06,,
2023-05-05 07:54:00,-1.04,,
2023-05-05 07:55:00,-0.91,,
2023-05-05 07:56:00,-1.07,,
2023-05-05 07:57:00,-1.12,,
2023-05-05 07:58:00,-1.08,,
2023-05-05 07:59:00,-1.07,-366.9,3.44
2023-05-05 08:00:00,-1.03,-366.9,3.44
2023-05-05 08:01:00,-1.02,-366.9,3.44
2023-05-05 08:02:00,-1.02,,
2023-05-05 08:03:00,-0.96,,
2023-05-05 08:04:00,-0.9,-365.9,3.45
2023-05-05 08:05:00,-0.88,-365.9,3.45
2023-05-05 08:06:00,-0.82,,
2023-05-05 08:07:00,-0.85,-366.0,3.43
2023-05-05 08:08:00,-0.82,-366.0,3.43
2023-05-05 08:09:00,-0.83,-366.0,3.43
2023-05-05 08:10:00,-0.81,,
2023-05-05 08:11:00,-0.78,,
2023-05-05 08:12:00,-0.79,,
2023-05-05 08:13:00,-0.72,,
2023-05-05 08:14:00,-0.69,,
2023-05-05 08:15:00,-0.71,,
2023-05-05 08:16:00,-0.65,,
2023-05-05 08:17:00,-0.58,,
2023-05-05 08:18:00,-0.6,,
2023-05-05 08:19:00,-0.57,-366.5,3.66
2023-05-05 08:20:00,-0.65,-366.4,3.66
2023-05-05 08:21:00,-0.65,-365.8,3.67
2023-05-05 08:22:00,-0.49,-365.8,3.67
2023-05-05 08:23:00,-0.47,,
2023-05-05 08:24:00,-0.44,,
2023-05-05 08:25:00,-0.35,,
2023-05-05 08:26:00,-0.32,,
2023-05-05 08:27:00,-0.36,,
2023-05-05 08:28:00,-0.39,,
2023-05-05 08:29:00,-0.18,,
2023-05-05 08:30:00,-0.27,,
2023-05-05 08:31:00,-0.34,,
2023-05-05 08:32:00,-0.43,,
2023-05-05 08:33:00,-0.56,,
2023-05-05 08:34:00,-0.23,,
2023-05-05 08:35:00,-0.24,,
2023-05-05 08:36:00,-0.18,,
2023-05-05 08:37:00,-0.1,,
2023-05-05 08:38:00,-0.1,,
2023-05-05 08:39:00,-0.14,,
2023-05-05 08:40:00,-0.07,,
2023-05-05 08:41:00,-0.06,,
2023-05-05 08:42:00,-0.1,,
2023-05-05 08:43:00,-0.09,,
2023-05-05 08:44:00,-0.16,,
2023-05-05 08:45:00,-0.17,,
2023-05-05 08:46:00,0.06,,
2023-05-05 08:47:00,-0.3,,
2023-05-05 08:48:00,-0.22,,
2023-05-05 08:49:00,-0.23,,
2023-05-05 08:50:00,-0.22,,
2023-05-05 08:51:00,-0.41,,
2023-05-05 08:52:00,-0.15,,
2023-05-05 08:53:00,-0.22,,
2023-05-05 08:54:00,-0.04,,
2023-05-05 08:55:00,-0.07,-361.8,3.49
2023-05-05 08:56:00,-0.1,-361.8,3.49
2023-05-05 08:57:00,-0.12,-360.6,3.42
2023-05-05 08:58:00,-0.06,-360.5,3.42
2023-05-05 08:59:00,0.01,,
2023-05-05 09:00:00,-0.09,,
2023-05-05 09:01:00,-0.02,-361.8,3.56
2023-05-05 09:02:00,-0.11,-361.8,3.56
2023-05-05 09:03:00,-0.07,-361.8,3.56
2023-05-05 09:04:00,0.24,-364.4,3.67
2023-05-05 09:05:00,0.19,-364.0,3.58
2023-05-05 09:06:00,0.48,-363.6,3.51
2023-05-05 09:07:00,0.6,,
2023-05-05 09:08:00,0.27,,
2023-05-05 09:09:00,-0.17,,
2023-05-05 09:10:00,0.22,,
2023-05-05 09:11:00,0.24,,
2023-05-05 09:12:00,-0.3,,
2023-05-05 09:13:00,-0.59,,
2023-05-05 09:14:00,-0.78,-365.3,3.73
2023-05-05 09:15:00,,-365.3,3.73
2023-05-05 09:16:00,-0.8,,
2023-05-05 09:17:00,,,
2023-05-05 09:18:00,0.46,,
2023-05-05 09:19:00,,,
2023-05-05 09:20:00,0.51,-362.3,3.5
2023-05-05 09:21:00,-0.3,-362.3,3.5
2023-05-05 09:22:00,-0.09,-362.3,3.5
2023-05-05 09:23:00,0.44,,
2023-05-05 09:24:00,0.5,,
2023-05-05 09:25:00,0.21,-361.6,3.51
2023-05-05 09:26:00,0.26,-362.5,3.54
2023-05-05 09:27:00,-0.49,-364.0,3.55
2023-05-05 09:28:00,-0.73,-362.2,3.52
2023-05-05 09:29:00,-0.33,-361.4,3.53
2023-05-05 09:30:00,-0.6,-363.1,3.56
2023-05-05 09:31:00,-0.75,-367.2,3.67
2023-05-05 09:32:00,-0.52,-367.4,3.78
2023-05-05 09:33:00,-0.79,-369.4,4.14
2023-05-05 09:34:00,-0.5,-361.0,3.53
2023-05-05 09:35:00,-0.2,-361.9,3.56
2023-05-05 09:36:00,-0.31,-364.1,3.7
2023-05-05 09:37:00,-0.18,-364.6,3.75
2023-05-05 09:38:00,-0.6,-366.7,3.8
2023-05-05 09:39:00,-0.64,-363.7,3.75
2023-05-05 09:40:00,-0.42,-377.3,3.75
2023-05-05 09:41:00,-0.33,-376.3,3.79
2023-05-05 09:42:00,-0.24,-371.2,3.51
2023-05-05 09:43:00,-0.45,-365.3,3.07
2023-05-05 09:44:00,-0.32,-374.2,3.78
2023-05-05 09:45:00,-0.47,-378.6,3.92
2023-05-05 09:46:00,-0.68,-378.4,3.87
2023-05-05 09:47:00,-0.47,-378.2,3.76
2023-05-05 09:48:00,-0.49,-378.7,3.72
2023-05-05 09:49:00,-0.17,-381.7,4.06
2023-05-05 09:50:00,-0.3,-379.2,3.87
2023-05-05 09:51:00,-0.18,-379.2,3.79
2023-05-05 09:52:00,-0.16,-376.1,3.54
2023-05-05 09:53:00,0.06,-371.9,3.79
2023-05-05 09:54:00,0.06,-365.1,4.09
2023-05-05 09:55:00,0.07,,
2023-05-05 09:56:00,0.11,,
2023-05-05 09:57:00,-0.11,,
2023-05-05 09:58:00,0.36,,
2023-05-05 09:59:00,0.43,,
2023-05-05 10:00:00,0.58,-371.3,3.54
2023-05-05 10:01:00,0.58,-371.3,3.54
2023-05-05 10:02:00,0.32,-371.3,3.77
2023-05-05 10:03:00,-0.04,-371.3,3.77
2023-05-05 10:04:00,0.27,-371.3,3.77
2023-05-05 10:05:00,0.48,,
2023-05-05 10:06:00,0.89,,
2023-05-05 10:07:00,0.53,,
2023-05-05 10:08:00,0.59,,
2023-05-05 10:09:00,0.81,,
2023-05-05 10:10:00,0.95,,
2023-05-05 10:11:00,0.62,-366.0,3.56
2023-05-05 10:12:00,0.98,-366.0,3.56
2023-05-05 10:13:00,0.86,-366.7,3.8
2023-05-05 10:14:00,0.62,-366.7,3.8
2023-05-05 10:15:00,1.15,-371.0,3.71
2023-05-05 10:16:00,0.87,-375.2,3.63
2023-05-05 10:17:00,0.44,-375.2,3.63
2023-05-05 10:18:00,0.72,-374.1,3.59
2023-05-05 10:19:00,1.0,-374.1,3.59
2023-05-05 10:20:00,0.88,-375.7,3.99
2023-05-05 10:21:00,0.96,-375.7,3.99
2023-05-05 10:22:00,0.96,-375.7,3.99
2023-05-05 10:23:00,1.88,,
2023-05-05 10:24:00,0.47,,
2023-05-05 10:25:00,0.43,,
2023-05-05 10:26:00,0.21,,
2023-05-05 10:27:00,0.22,,
2023-05-05 10:28:00,0.25,,
2023-05-05 10:29:00,0.13,,
2023-05-05 10:30:00,0.12,,
2023-05-05 10:31:00,0.01,,
2023-05-05 10:32:00,-0.27,,
2023-05-05 10:33:00,-0.13,-378.2,3.8
2023-05-05 10:34:00,0.05,-374.7,3.89
2023-05-05 10:35:00,-0.43,-367.0,4.1
2023-05-05 10:36:00,-0.54,-372.0,3.87
2023-05-05 10:37:00,-0.28,-372.0,3.87
2023-05-05 10:38:00,-0.32,-373.1,3.8
2023-05-05 10:39:00,-0.17,-374.0,3.75
2023-05-05 10:40:00,-0.14,-374.0,3.75
2023-05-05 10:41:00,-0.15,-372.8,3.78
2023-05-05 10:42:00,-0.03,-372.8,3.78
2023-05-05 10:43:00,-0.09,-382.6,3.81
2023-05-05 10:44:00,0.11,-382.6,3.81
2023-05-05 10:45:00,-0.35,-382.6,3.81
2023-05-05 10:46:00,-0.52,,
2023-05-05 10:47:00,-0.54,-370.6,3.79
2023-05-05 10:48:00,-0.08,-370.6,3.79
2023-05-05 10:49:00,-0.3,-370.6,3.79
2023-05-05 10:50:00,0.19,,
2023-05-05 10:51:00,0.18,-369.9,3.74
2023-05-05 10:52:00,0.08,-369.9,3.74
2023-05-05 10:53:00,0.51,-371.3,3.82
2023-05-05 10:54:00,0.25,-371.3,3.82
2023-05-05 10:55:00,0.15,,
2023-05-05 10:56:00,0.55,-374.0,3.98
2023-05-05 10:57:00,0.67,-374.0,3.98
2023-05-05 10:58:00,0.66,-374.0,3.98
2023-05-05 10:59:00,1.03,,
2023-05-05 11:00:00,0.41,-367.9,3.34
2023-05-05 11:01:00,0.01,-367.9,3.34
2023-05-05 11:02:00,0.0,-367.9,3.34
2023-05-05 11:03:00,-0.02,,
2023-05-05 11:04:00,0.13,,
2023-05-05 11:05:00,0.03,,
2023-05-05 11:06:00,-0.06,,
2023-05-05 11:07:00,0.04,,
2023-05-05 11:08:00,-0.45,,
2023-05-05 11:09:00,-0.6,,
2023-05-05 11:10:00,-0.61,,
2023-05-05 11:11:00,-0.56,,
2023-05-05 11:12:00,-0.62,,
2023-05-05 11:13:00,-0.64,,
2023-05-05 11:14:00,-0.68,,
2023-05-05 11:15:00,-0.5,,
2023-05-05 11:16:00,-0.36,,
2023-05-05 11:17:00,-0.38,,
2023-05-05 11:18:00,-0.95,,
2023-05-05 11:19:00,-0.96,,
2023-05-05 11:20:00,-0.43,,
2023-05-05 11:21:00,-0.3,,
2023-05-05 11:22:00,-0.39,,
2023-05-05 11:23:00,-0.95,,
2023-05-05 11:24:00,-1.36,,
2023-05-05 11:25:00,-1.7,,
2023-05-05 11:26:00,-0.59,,
2023-05-05 11:27:00,1.04,,
2023-05-05 11:28:00,0.87,-354.7,3.39
2023-05-05 11:29:00,0.56,-354.7,3.39
2023-05-05 11:30:00,0.42,-351.6,3.43
2023-05-05 11:31:00,0.56,-350.4,3.44
2023-05-05 11:32:00,0.5,-356.6,3.28
2023-05-05 11:33:00,,-356.6,3.28
2023-05-05 11:34:00,,,
2023-05-05 11:35:00,0.1,-385.4,3.06
2023-05-05 11:36:00,0.13,-385.4,3.06
2023-05-05 11:37:00,-0.15,-385.4,3.06
2023-05-05 11:38:00,-0.27,,
2023-05-05 11:39:00,0.0,,
2023-05-05 11:40:00,-0.15,,
2023-05-05 11:41:00,-0.18,,
2023-05-05 11:42:00,-0.38,,
2023-05-05 11:43:00,-0.44,,
2023-05-05 11:44:00,,,
2023-05-05 11:45:00,-0.33,,
2023-05-05 11:46:00,-0.43,,
2023-05-05 11:47:00,-0.81,-370.0,3.46
2023-05-05 11:48:00,-0.93,-370.0,3.46
2023-05-05 11:49:00,-0.96,,
2023-05-05 11:50:00,-1.88,,
2023-05-05 11:51:00,0.55,,
2023-05-05 11:52:00,-1.57,,
2023-05-05 11:53:00,0.31,,
2023-05-05 11:54:00,0.44,,
2023-05-05 11:55:00,0.56,,
2023-05-05 11:56:00,-0.14,,
2023-05-05 11:57:00,-0.38,,
2023-05-05 11:58:00,-0.26,,
2023-05-05 11:59:00,-0.48,,
2023-05-05 12:00:00,-0.49,,
2023-05-05 12:01:00,0.2,,
2023-05-05 12:02:00,-0.36,,
2023-05-05 12:03:00,-1.12,,
2023-05-05 12:04:00,-1.49,,
2023-05-05 12:05:00,-1.47,,
2023-05-05 12:06:00,-1.57,,
2023-05-05 12:07:00,-1.61,,
2023-05-05 12:08:00,-1.53,,
2023-05-05 12:09:00,-1.44,,
2023-05-05 12:10:00,-1.25,-362.8,3.44
2023-05-05 12:11:00,-1.32,-365.0,3.37
2023-05-05 12:12:00,-1.13,-367.7,3.43
2023-05-05 12:13:00,-0.74,-368.7,3.68
2023-05-05 12:14:00,-0.53,-368.8,3.56
2023-05-05 12:15:00,-0.87,-368.8,3.56
2023-05-05 12:16:00,-0.66,,
2023-05-05 12:17:00,-0.39,,
2023-05-05 12:18:00,-0.15,,
2023-05-05 12:19:00,0.01,,
2023-05-05 12:20:00,-0.18,,
2023-05-05 12:21:00,0.16,,
2023-05-05 12:22:00,-0.3,-366.6,3.45
2023-05-05 12:23:00,-0.07,-368.4,3.47
2023-05-05 12:24:00,0.0,-369.6,3.49
2023-05-05 12:25:00,-0.23,-368.8,3.32
2023-05-05 12:26:00,-0.18,-368.8,3.32
2023-05-05 12:27:00,0.08,-364.4,3.36
2023-05-05 12:28:00,-0.15,-364.4,3.36
2023-05-05 12:29:00,-0.13,-363.3,3.44
2023-05-05 12:30:00,0.02,-364.3,3.56
2023-05-05 12:31:00,-0.41,-365.6,3.71
2023-05-05 12:32:00,0.22,,
2023-05-05 12:33:00,1.33,,
2023-05-05 12:34:00,1.48,,
2023-05-05 12:35:00,0.33,,
2023-05-05 12:36:00,0.03,,
2023-05-05 12:37:00,0.32,,
2023-05-05 12:38:00,0.53,,
2023-05-05 12:39:00,0.36,,
2023-05-05 12:40:00,0.45,-362.5,3.36
2023-05-05 12:41:00,0.42,-362.5,3.36
2023-05-05 12:42:00,-1.39,-357.2,3.33
2023-05-05 12:43:00,-1.81,-358.0,3.4
2023-05-05 12:44:00,-1.5,-360.8,3.36
2023-05-05 12:45:00,-0.01,-361.1,3.35
2023-05-05 12:46:00,-0.02,-361.1,3.35
2023-05-05 12:47:00,-0.72,,
2023-05-05 12:48:00,-0.83,,
2023-05-05 12:49:00,-0.43,-357.8,3.52
2023-05-05 12:50:00,-1.16,-357.8,3.52
2023-05-05 12:51:00,-1.47,-357.8,3.52
2023-05-05 12:52:00,-1.35,,
2023-05-05 12:53:00,-1.36,,
2023-05-05 12:54:00,-1.44,,
2023-05-05 12:55:00,-1.56,-357.1,3.48
2023-05-05 12:56:00,-1.6,-357.1,3.48
2023-05-05 12:57:00,-1.53,,
2023-05-05 12:58:00,-1.58,,
2023-05-05 12:59:00,-1.64,-354.3,3.3
2023-05-05 13:00:00,-1.69,-354.3,3.3
2023-05-05 13:01:00,-1.47,,
2023-05-05 13:02:00,-1.25,,
2023-05-05 13:03:00,-1.03,,
2023-05-05 13:04:00,-1.27,,
2023-05-05 13:05:00,-1.45,,
2023-05-05 13:06:00,-1.68,,
2023-05-05 13:07:00,-1.56,-352.3,3.43
2023-05-05 13:08:00,-1.88,-352.3,3.43
2023-05-05 13:09:00,-1.4,,
2023-05-05 13:10:00,-1.3,,
2023-05-05 13:11:00,-1.56,-347.6,3.23
2023-05-05 13:12:00,-1.47,-347.6,3.23
2023-05-05 13:13:00,-1.49,-343.6,3.29
2023-05-05 13:14:00,-1.62,-343.2,3.3
2023-05-05 13:15:00,-1.71,-340.7,3.37
2023-05-05 13:16:00,-0.94,-340.7,3.37
2023-05-05 13:17:00,-0.62,,
2023-05-05 13:18:00,-0.81,,
2023-05-05 13:19:00,-0.73,-345.2,3.26
2023-05-05 13:20:00,-0.8,-345.2,3.26
2023-05-05 13:21:00,-0.74,-345.2,3.26
2023-05-05 13:22:00,-0.6,,
2023-05-05 13:23:00,-0.94,,
2023-05-05 13:24:00,-1.05,,
2023-05-05 13:25:00,-0.94,-343.6,3.17
2023-05-05 13:26:00,-0.76,-343.6,3.17
2023-05-05 13:27:00,-0.68,,
2023-05-05 13:28:00,-0.58,-338.8,3.17
2023-05-05 13:29:00,-0.76,-339.5,3.15
2023-05-05 13:30:00,-0.95,-340.0,3.15
2023-05-05 13:31:00,-1.14,-340.0,3.16
2023-05-05 13:32:00,-1.42,,
2023-05-05 13:33:00,-1.41,,
2023-05-05 13:34:00,-1.42,,
2023-05-05 13:35:00,-1.24,,
2023-05-05 13:36:00,-1.34,,
2023-05-05 13:37:00,-1.34,,
2023-05-05 13:38:00,-1.41,,
2023-05-05 13:39:00,-1.33,,
2023-05-05 13:40:00,-1.13,,
2023-05-05 13:41:00,-1.18,-344.3,3.31
2023-05-05 13:42:00,-1.2,-344.3,3.31
2023-05-05 13:43:00,-1.21,-344.3,3.31
2023-05-05 13:44:00,-1.09,-351.4,3.34
2023-05-05 13:45:00,-0.56,-351.4,3.34
2023-05-05 13:46:00,-0.61,-351.6,3.2
2023-05-05 13:47:00,-0.51,-351.6,3.18
2023-05-05 13:48:00,-0.54,,
2023-05-05 13:49:00,-0.55,-350.1,3.32
2023-05-05 13:50:00,-0.52,-350.1,3.32
2023-05-05 13:51:00,-0.44,-350.6,3.41
2023-05-05 13:52:00,-0.3,-350.6,3.41
2023-05-05 13:53:00,-0.33,,
2023-05-05 13:54:00,-0.41,,
2023-05-05 13:55:00,-0.26,-352.4,3.37
2023-05-05 13:56:00,-0.15,-352.4,3.37
2023-05-05 13:57:00,-0.34,-350.4,3.36
2023-05-05 13:58:00,-0.19,-350.4,3.36
2023-05-05 13:59:00,-0.23,-350.4,3.36
2023-05-05 14:00:00,-0.76,-353.1,3.47
2023-05-05 14:01:00,-0.88,-353.1,3.47
2023-05-05 14:02:00,-0.37,,
2023-05-05 14:03:00,-0.24,-348.7,3.27
2023-05-05 14:04:00,-0.34,-348.7,3.27
2023-05-05 14:05:00,-0.42,-348.7,3.27
2023-05-05 14:06:00,-0.22,,
2023-05-05 14:07:00,-0.12,,
2023-05-05 14:08:00,-0.17,,
2023-05-05 14:09:00,-0.17,,
2023-05-05 14:10:00,-0.45,,
2023-05-05 14:11:00,-1.24,,
2023-05-05 14:12:00,-0.75,,
2023-05-05 14:13:00,-0.51,,
2023-05-05 14:14:00,-0.52,,
2023-05-05 14:15:00,-1.07,,
2023-05-05 14:16:00,-1.53,,
2023-05-05 14:17:00,-1.01,,
2023-05-05 14:18:00,-0.76,-347.4,3.3
2023-05-05 14:19:00,-0.69,-347.4,3.3
2023-05-05 14:20:00,-0.61,-347.4,3.3
2023-05-05 14:21:00,-0.59,,
2023-05-05 14:22:00,-0.73,-345.6,3.51
2023-05-05 14:23:00,-0.81,-345.6,3.51
2023-05-05 14:24:00,-0.69,,
2023-05-05 14:25:00,-0.55,,
2023-05-05 14:26:00,-0.03,,
2023-05-05 14:27:00,-0.11,,
2023-05-05 14:28:00,0.41,-336.5,3.18
2023-05-05 14:29:00,0.92,-337.2,3.19
2023-05-05 14:30:00,1.32,-337.6,3.16
2023-05-05 14:31:00,0.28,,
2023-05-05 14:32:00,0.01,-338.4,3.06
2023-05-05 14:33:00,0.26,-340.0,3.04
2023-05-05 14:34:00,0.15,-340.9,3.03
2023-05-05 14:35:00,-0.03,-342.9,3.26
2023-05-05 14:36:00,0.09,-342.8,3.22
2023-05-05 14:37:00,-0.17,-347.5,3.24
2023-05-05 14:38:00,-0.59,-346.0,3.19
2023-05-05 14:39:00,-0.47,-346.0,3.19
2023-05-05 14:40:00,-0.09,-345.5,3.18
2023-05-05 14:41:00,-0.31,-345.4,3.18
2023-05-05 14:42:00,-0.6,-350.9,3.24
2023-05-05 14:43:00,-0.64,-351.4,3.25
2023-05-05 14:44:00,-0.66,-351.4,3.25
2023-05-05 14:45:00,-0.63,-345.2,3.34
2023-05-05 14:46:00,-0.61,-345.2,3.34
2023-05-05 14:47:00,-0.31,-345.2,3.34
2023-05-05 14:48:00,-0.83,,
2023-05-05 14:49:00,0.0,-352.6,3.63
2023-05-05 14:50:00,0.74,-348.1,3.53
2023-05-05 14:51:00,0.08,-343.6,3.36
2023-05-05 14:52:00,0.97,,
2023-05-05 14:53:00,0.48,,
2023-05-05 14:54:00,0.8,-359.1,3.32
2023-05-05 14:55:00,1.17,-359.3,3.32
2023-05-05 14:56:00,0.29,-360.2,3.34
2023-05-05 14:57:00,0.07,-361.3,3.43
2023-05-05 14:58:00,-0.11,-363.3,3.47
2023-05-05 14:59:00,0.05,,
2023-05-05 15:00:00,0.12,,
2023-05-05 15:01:00,0.03,,
2023-05-05 15:02:00,0.03,,
2023-05-05 15:03:00,0.04,,
2023-05-05 15:04:00,0.07,,
2023-05-05 15:05:00,-0.2,,
2023-05-05 15:06:00,-0.01,,
2023-05-05 15:07:00,0.1,,
2023-05-05 15:08:00,0.01,,
2023-05-05 15:09:00,0.13,,
2023-05-05 15:10:00,0.14,,
2023-05-05 15:11:00,0.09,,
2023-05-05 15:12:00,0.29,,
2023-05-05 15:13:00,0.28,,
2023-05-05 15:14:00,0.27,,
2023-05-05 15:15:00,-0.86,,
2023-05-05 15:16:00,-2.08,,
2023-05-05 15:17:00,-3.06,,
2023-05-05 15:18:00,-2.54,,
2023-05-05 15:19:00,0.58,,
2023-05-05 15:20:00,0.1,,
2023-05-05 15:21:00,0.15,,
2023-05-05 15:22:00,0.03,,
2023-05-05 15:23:00,-0.81,,
2023-05-05 15:24:00,-1.03,-349.7,3.34
2023-05-05 15:25:00,-0.86,-349.7,3.34
2023-05-05 15:26:00,-1.0,-349.7,3.34
2023-05-05 15:27:00,-0.85,,
2023-05-05 15:28:00,-0.89,,
2023-05-05 15:29:00,-0.93,,
2023-05-05 15:30:00,-0.95,,
2023-05-05 15:31:00,-0.94,,
2023-05-05 15:32:00,-0.99,,
2023-05-05 15:33:00,-1.01,,
2023-05-05 15:34:00,-1.02,,
2023-05-05 15:35:00,-1.1,,
2023-05-05 15:36:00,-1.06,,
2023-05-05 15:37:00,-1.06,,
2023-05-05 15:38:00,-1.21,,
2023-05-05 15:39:00,-1.3,,
2023-05-05 15:40:00,-1.55,,
2023-05-05 15:41:00,-1.2,,
2023-05-05 15:42:00,-0.59,,
2023-05-05 15:43:00,-0.82,,
2023-05-05 15:44:00,-0.93,,
2023-05-05 15:45:00,-1.02,-346.6,3.41
2023-05-05 15:46:00,-1.11,-346.6,3.41
2023-05-05 15:47:00,-1.26,-346.6,3.41
2023-05-05 15:48:00,-1.41,,
2023-05-05 15:49:00,-1.26,,
2023-05-05 15:50:00,-1.22,,
2023-05-05 15:51:00,-1.18,-348.4,3.44
2023-05-05 15:52:00,-1.12,-348.4,3.44
2023-05-05 15:53:00,-1.21,,
2023-05-05 15:54:00,-1.37,,
2023-05-05 15:55:00,-1.49,,
2023-05-05 15:56:00,-1.6,,
2023-05-05 15:57:00,-1.57,,
2023-05-05 15:58:00,-1.52,-361.4,3.9
2023-05-05 15:59:00,-1.42,-361.4,3.9
2023-05-05 16:00:00,-1.21,,
2023-05-05 16:01:00,-1.19,-346.1,3.46
2023-05-05 16:02:00,-1.28,-346.1,3.46
2023-05-05 16:03:00,-1.34,,
2023-05-05 16:04:00,-1.35,-352.9,3.83
2023-05-05 16:05:00,-1.52,-352.9,3.83
2023-05-05 16:06:00,-1.59,-349.7,3.86
2023-05-05 16:07:00,-1.55,-349.3,3.86
2023-05-05 16:08:00,-1.61,,
2023-05-05 16:09:00,-1.7,,
2023-05-05 16:10:00,-1.59,-346.2,3.84
2023-05-05 16:11:00,-1.62,-346.2,3.84
2023-05-05 16:12:00,-1.63,-346.2,3.84
2023-05-05 16:13:00,-1.49,-351.9,3.81
2023-05-05 16:14:00,-1.2,-351.9,3.81
2023-05-05 16:15:00,-1.26,-352.3,3.99
2023-05-05 16:16:00,-1.43,-352.3,3.99
2023-05-05 16:17:00,-1.26,,
2023-05-05 16:18:00,-1.37,,
2023-05-05 16:19:00,-1.5,,
2023-05-05 16:20:00,-1.41,,
2023-05-05 16:21:00,-1.25,,
2023-05-05 16:22:00,-1.34,,
2023-05-05 16:23:00,-1.2,,
2023-05-05 16:24:00,-1.88,,
2023-05-05 16:25:00,-1.25,-349.9,3.71
2023-05-05 16:26:00,-1.44,-349.9,3.71
2023-05-05 16:27:00,-1.55,-349.9,3.71
2023-05-05 16:28:00,-1.58,,
2023-05-05 16:29:00,-1.46,,
2023-05-05 16:30:00,-1.35,,
2023-05-05 16:31:00,-1.21,-348.8,3.64
2023-05-05 16:32:00,-1.2,-348.8,3.64
2023-05-05 16:33:00,-1.06,-348.8,3.64
2023-05-05 16:34:00,-1.34,-350.3,3.55
2023-05-05 16:35:00,-1.57,-350.3,3.55
2023-05-05 16:36:00,-1.47,,
2023-05-05 16:37:00,-1.39,,
2023-05-05 16:38:00,-1.37,,
2023-05-05 16:39:00,-1.39,,
2023-05-05 16:40:00,-1.51,-351.5,3.69
2023-05-05 16:41:00,-1.61,-351.5,3.69
2023-05-05 16:42:00,-1.55,-351.7,3.88
2023-05-05 16:43:00,-1.26,-351.7,3.88
2023-05-05 16:44:00,-0.71,-347.9,3.94
2023-05-05 16:45:00,-0.82,-347.9,3.94
2023-05-05 16:46:00,-0.49,-347.4,3.65
2023-05-05 16:47:00,-0.53,-347.4,3.65
2023-05-05 16:48:00,-0.09,,
2023-05-05 16:49:00,0.17,,
2023-05-05 16:50:00,-0.67,,
2023-05-05 16:51:00,-1.34,-346.9,3.98
2023-05-05 16:52:00,-1.7,-346.9,3.98
2023-05-05 16:53:00,-1.35,-346.9,3.98
2023-05-05 16:54:00,-1.25,,
2023-05-05 16:55:00,-1.59,-346.5,3.93
2023-05-05 16:56:00,-1.59,-346.5,3.93
2023-05-05 16:57:00,-1.57,,
2023-05-05 16:58:00,-1.37,,
2023-05-05 16:59:00,-1.49,-348.4,3.75
2023-05-05 17:00:00,-1.66,-347.6,3.78
2023-05-05 17:01:00,-1.19,-347.2,3.75
2023-05-05 17:02:00,-1.4,-347.2,3.69
2023-05-05 17:03:00,-1.3,,
2023-05-05 17:04:00,-1.29,,
2023-05-05 17:05:00,-1.25,,
2023-05-05 17:06:00,-1.38,,
2023-05-05 17:07:00,-1.39,,
2023-05-05 17:08:00,-1.23,,
2023-05-05 17:09:00,-1.22,,
2023-05-05 17:10:00,-1.08,-360.7,3.87
2023-05-05 17:11:00,-1.18,-360.7,3.87
2023-05-05 17:12:00,-1.16,-360.7,3.87
2023-05-05 17:13:00,-1.21,-359.6,3.81
2023-05-05 17:14:00,-1.09,-359.6,3.81
2023-05-05 17:15:00,-1.23,-359.6,3.81
2023-05-05 17:16:00,-1.38,-352.0,3.64
2023-05-05 17:17:00,-1.29,-352.0,3.64
2023-05-05 17:18:00,-1.38,-353.6,4.03
2023-05-05 17:19:00,-1.26,-353.6,4.03
2023-05-05 17:20:00,-1.23,-357.4,3.49
2023-05-05 17:21:00,-1.26,-357.4,3.49
2023-05-05 17:22:00,-1.25,,
2023-05-05 17:23:00,-1.3,-355.5,3.78
2023-05-05 17:24:00,-1.28,-355.5,3.78
2023-05-05 17:25:00,-1.25,,
2023-05-05 17:26:00,-1.12,-351.5,3.59
2023-05-05 17:27:00,-1.01,-351.5,3.59
2023-05-05 17:28:00,-1.1,-349.6,3.88
2023-05-05 17:29:00,-1.04,-349.6,3.88
2023-05-05 17:30:00,-1.11,-349.6,3.88
2023-05-05 17:31:00,-0.95,-348.6,3.73
2023-05-05 17:32:00,-0.9,-348.6,3.73
2023-05-05 17:33:00,-0.89,-347.2,3.77
2023-05-05 17:34:00,-0.92,-347.2,3.77
2023-05-05 17:35:00,,-347.2,3.77
2023-05-05 17:36:00,-1.03,,
2023-05-05 17:37:00,-1.05,-347.4,3.69
2023-05-05 17:38:00,-1.15,-347.4,3.69
2023-05-05 17:39:00,-1.48,-344.4,4.0
2023-05-05 17:40:00,-1.98,-344.4,4.0
2023-05-05 17:41:00,-1.97,-341.3,3.89
2023-05-05 17:42:00,-1.94,-342.0,3.99
2023-05-05 17:43:00,-1.77,-342.1,4.01
2023-05-05 17:44:00,-1.82,-343.1,4.14
2023-05-05 17:45:00,-1.83,-339.4,4.03
2023-05-05 17:46:00,-1.79,-339.3,4.02
2023-05-05 17:47:00,-1.84,-338.8,4.04
2023-05-05 17:48:00,-2.04,-338.8,4.03
2023-05-05 17:49:00,-1.94,-339.0,3.97
2023-05-05 17:50:00,-1.58,-343.5,4.19
2023-05-05 17:51:00,-1.67,-345.0,4.26
2023-05-05 17:52:00,-1.7,-345.0,4.26
2023-05-05 17:53:00,-1.63,-345.0,4.27
2023-05-05 17:54:00,-1.62,-345.7,4.27
2023-05-05 17:55:00,-1.49,-346.8,4.28
2023-05-05 17:56:00,-1.49,-346.5,4.18
2023-05-05 17:57:00,-1.52,-346.5,4.18
2023-05-05 17:58:00,-1.55,-346.5,4.18
2023-05-05 17:59:00,-1.44,-347.5,4.2
2023-05-05 18:00:00,-1.6,-347.5,4.2
2023-05-05 18:01:00,-1.56,-346.7,4.43
2023-05-05 18:02:00,-1.65,-346.6,4.43
2023-05-05 18:03:00,-1.7,-345.5,4.37
2023-05-05 18:04:00,-1.68,-345.5,4.37
2023-05-05 18:05:00,-1.62,-345.8,4.53
2023-05-05 18:06:00,-1.45,-345.8,4.53
2023-05-05 18:07:00,-1.65,-346.1,4.56
2023-05-05 18:08:00,-1.7,-344.7,4.58
2023-05-05 18:09:00,-1.7,-346.1,4.66
2023-05-05 18:10:00,-1.79,-344.8,4.54
2023-05-05 18:11:00,-1.86,-343.0,4.4
2023-05-05 18:12:00,-1.89,-342.6,4.39
2023-05-05 18:13:00,,-342.2,4.39
2023-05-05 18:14:00,-1.08,-343.7,3.67
2023-05-05 18:15:00,-1.57,-342.8,4.48
2023-05-05 18:16:00,-1.1,-342.0,4.89
2023-05-05 18:17:00,-1.08,-342.3,5.08
2023-05-05 18:18:00,-1.17,-342.5,5.09
2023-05-05 18:19:00,-1.18,,
2023-05-05 18:20:00,-1.18,,
2023-05-05 18:21:00,-1.15,,
2023-05-05 18:22:00,-1.13,-341.1,5.02
2023-05-05 18:23:00,-1.14,-341.1,5.02
2023-05-05 18:24:00,-1.2,,
2023-05-05 18:25:00,-1.24,,
2023-05-05 18:26:00,-1.32,,
2023-05-05 18:27:00,-1.44,-340.6,5.11
2023-05-05 18:28:00,-1.71,-340.6,5.11
2023-05-05 18:29:00,-1.78,-342.5,5.22
2023-05-05 18:30:00,-1.54,-342.5,5.22
2023-05-05 18:31:00,-1.35,-342.1,4.97
2023-05-05 18:32:00,-1.42,-342.1,4.97
2023-05-05 18:33:00,-0.98,-342.0,5.25
2023-05-05 18:34:00,-1.4,-342.0,5.34
2023-05-05 18:35:00,-1.6,-341.7,5.31
2023-05-05 18:36:00,-1.69,-341.4,5.28
2023-05-05 18:37:00,-1.8,-341.4,5.27
2023-05-05 18:38:00,-1.71,-341.7,5.23
2023-05-05 18:39:00,-1.57,-341.7,5.23
2023-05-05 18:40:00,-1.48,-341.1,5.32
2023-05-05 18:41:00,-1.54,-341.1,5.31
2023-05-05 18:42:00,-1.6,-341.8,4.86
2023-05-05 18:43:00,-1.82,-341.8,4.86
2023-05-05 18:44:00,-1.92,-340.9,4.8
2023-05-05 18:45:00,-2.03,-340.9,4.8
2023-05-05 18:46:00,-2.18,-342.0,5.07
2023-05-05 18:47:00,-2.15,-342.0,5.07
2023-05-05 18:48:00,-2.22,-340.7,5.35
2023-05-05 18:49:00,-2.28,-340.7,5.35
2023-05-05 18:50:00,-2.26,-341.8,4.93
2023-05-05 18:51:00,-2.08,-341.8,4.93
2023-05-05 18:52:00,-1.94,-341.2,5.14
2023-05-05 18:53:00,-1.78,-341.2,5.14
2023-05-05 18:54:00,-1.84,-341.2,5.14
2023-05-05 18:55:00,-1.9,-338.2,5.11
2023-05-05 18:56:00,-1.85,-338.2,5.11
2023-05-05 18:57:00,-1.8,-339.5,5.15
2023-05-05 18:58:00,-2.11,-339.5,5.15
2023-05-05 18:59:00,-2.02,-339.7,4.88
2023-05-05 19:00:00,-1.89,-339.7,4.88
2023-05-05 19:01:00,-1.93,-341.6,5.27
2023-05-05 19:02:00,-1.88,-341.6,5.27
2023-05-05 19:03:00,-1.18,-340.7,5.55
2023-05-05 19:04:00,-1.34,-341.3,5.41
2023-05-05 19:05:00,-1.55,-341.7,5.32
2023-05-05 19:06:00,-1.07,-341.9,5.18
2023-05-05 19:07:00,-1.17,-341.3,5.16
2023-05-05 19:08:00,-1.3,-340.5,5.14
2023-05-05 19:09:00,-1.13,-340.9,4.85
2023-05-05 19:10:00,-1.34,-341.0,4.73
2023-05-05 19:11:00,-1.71,-342.3,4.38
2023-05-05 19:12:00,-1.58,-343.0,4.47
2023-05-05 19:13:00,-1.67,-343.3,4.52
2023-05-05 19:14:00,-1.69,-341.8,4.63
2023-05-05 19:15:00,-0.86,-342.6,4.41
2023-05-05 19:16:00,-1.18,-342.8,4.37
2023-05-05 19:17:00,-1.42,-342.4,4.94
2023-05-05 19:18:00,-1.78,-342.0,5.15
2023-05-05 19:19:00,-1.8,-342.0,5.31
2023-05-05 19:20:00,-1.56,-342.1,5.92
2023-05-05 19:21:00,-1.59,-342.1,5.92
2023-05-05 19:22:00,-1.66,,
2023-05-05 19:23:00,-1.77,,
2023-05-05 19:24:00,-1.79,-341.9,5.94
2023-05-05 19:25:00,-1.82,-341.9,5.94
2023-05-05 19:26:00,-1.87,,
2023-05-05 19:27:00,-1.63,-340.8,5.75
2023-05-05 19:28:00,-1.5,-340.8,5.75
2023-05-05 19:29:00,-1.25,,
2023-05-05 19:30:00,-1.52,,
2023-05-05 19:31:00,-1.42,-341.3,5.73
2023-05-05 19:32:00,-1.46,-341.8,5.59
2023-05-05 19:33:00,-0.99,-341.2,5.57
2023-05-05 19:34:00,-0.38,-339.9,5.71
2023-05-05 19:35:00,-0.41,-340.2,5.71
2023-05-05 19:36:00,-0.43,-340.2,5.71
2023-05-05 19:37:00,-0.59,-340.1,5.73
2023-05-05 19:38:00,-0.75,-340.1,5.73
2023-05-05 19:39:00,-0.82,-339.8,5.72
2023-05-05 19:40:00,-1.11,-339.8,5.72
2023-05-05 19:41:00,-1.0,,
2023-05-05 19:42:00,-1.14,-340.8,6.21
2023-05-05 19:43:00,-1.11,-340.6,6.19
2023-05-05 19:44:00,-1.36,-339.8,6.1
2023-05-05 19:45:00,-1.5,-339.8,6.1
2023-05-05 19:46:00,-1.58,,
2023-05-05 19:47:00,-2.49,,
2023-05-05 19:48:00,-2.39,-338.2,6.25
2023-05-05 19:49:00,-2.42,-338.2,6.25
2023-05-05 19:50:00,-2.6,-338.2,6.25
2023-05-05 19:51:00,-2.95,-336.5,7.15
2023-05-05 19:52:00,-3.0,-336.5,7.15
2023-05-05 19:53:00,-2.64,-336.5,7.15
2023-05-05 19:54:00,-2.68,,
2023-05-05 19:55:00,-2.77,,
2023-05-05 19:56:00,-2.77,,
2023-05-05 19:57:00,-2.72,,
2023-05-05 19:58:00,-2.89,,
2023-05-05 19:59:00,-2.97,,
2023-05-05 20:00:00,-2.96,,
2023-05-05 20:01:00,-2.95,,
2023-05-05 20:02:00,-2.95,,
2023-05-05 20:03:00,-3.01,,
2023-05-05 20:04:00,-3.01,,
2023-05-05 20:05:00,-3.04,,
2023-05-05 20:06:00,,,
2023-05-05 20:07:00,-2.96,,
2023-05-05 20:08:00,-2.85,,
2023-05-05 20:09:00,-2.73,,
2023-05-05 20:10:00,-2.74,,
2023-05-05 20:11:00,-2.75,,
2023-05-05 20:12:00,-2.71,,
2023-05-05 20:13:00,-2.71,,
2023-05-05 20:14:00,-2.81,,
2023-05-05 20:15:00,-2.73,,
2023-05-05 20:16:00,-2.43,,
2023-05-05 20:17:00,-2.69,,
2023-05-05 20:18:00,-2.82,,
2023-05-05 20:19:00,-2.85,,
2023-05-05 20:20:00,-2.78,,
2023-05-05 20:21:00,-3.11,-329.7,2.93
2023-05-05 20:22:00,-3.43,-332.4,4.3
2023-05-05 20:23:00,-3.61,-335.1,5.64
2023-05-05 20:24:00,-3.48,,
2023-05-05 20:25:00,-3.37,,
2023-05-05 20:26:00,-3.34,,
2023-05-05 20:27:00,-3.43,-339.4,5.96
2023-05-05 20:28:00,-3.55,-339.4,5.96
2023-05-05 20:29:00,-3.64,-339.4,5.96
2023-05-05 20:30:00,-3.65,-337.1,4.96
2023-05-05 20:31:00,-3.61,-337.1,4.96
2023-05-05 20:32:00,-3.62,,
2023-05-05 20:33:00,-3.71,,
2023-05-05 20:34:00,-3.79,,
2023-05-05 20:35:00,-3.7,,
2023-05-05 20:36:00,-3.7,,
2023-05-05 20:37:00,-3.15,,
2023-05-05 20:38:00,-3.1,-337.3,7.71
2023-05-05 20:39:00,-3.17,-337.3,7.71
2023-05-05 20:40:00,-3.19,-337.3,7.71
2023-05-05 20:41:00,-3.15,,
2023-05-05 20:42:00,-3.16,-320.2,6.01
2023-05-05 20:43:00,-3.3,-325.4,6.7
2023-05-05 20:44:00,-3.3,-336.6,8.2
2023-05-05 20:45:00,-3.18,-338.4,8.06
2023-05-05 20:46:00,-3.36,-337.7,8.15
2023-05-05 20:47:00,-3.4,-337.0,8.15
2023-05-05 20:48:00,-3.44,-337.4,7.93
2023-05-05 20:49:00,-3.51,,
2023-05-05 20:50:00,-3.46,,
2023-05-05 20:51:00,-3.53,,
2023-05-05 20:52:00,-3.6,,
2023-05-05 20:53:00,-3.64,,
2023-05-05 20:54:00,-2.79,,
2023-05-05 20:55:00,-3.22,,
2023-05-05 20:56:00,-3.38,,
2023-05-05 20:57:00,-3.27,,
2023-05-05 20:58:00,-3.27,,
2023-05-05 20:59:00,-3.22,,
2023-05-05 21:00:00,-3.24,,
2023-05-05 21:01:00,-3.26,,
2023-05-05 21:02:00,-3.24,,
2023-05-05 21:03:00,-3.27,,
2023-05-05 21:04:00,-3.36,,
2023-05-05 21:05:00,-3.36,,
2023-05-05 21:06:00,-3.41,,
2023-05-05 21:07:00,-3.39,,
2023-05-05 21:08:00,-3.36,,
2023-05-05 21:09:00,-3.37,-341.0,8.28
2023-05-05 21:10:00,-3.37,-341.0,8.28
2023-05-05 21:11:00,-3.22,-341.0,8.28
2023-05-05 21:12:00,-3.25,,
2023-05-05 21:13:00,-3.23,,
2023-05-05 21:14:00,-3.26,,
2023-05-05 21:15:00,-3.23,,
2023-05-05 21:16:00,-3.17,,
2023-05-05 21:17:00,-3.16,,
2023-05-05 21:18:00,-3.34,-341.0,8.09
2023-05-05 21:19:00,-3.31,-341.0,8.09
2023-05-05 21:20:00,-3.28,,
2023-05-05 21:21:00,-3.23,,
2023-05-05 21:22:00,-3.18,,
2023-05-05 21:23:00,-3.23,,
2023-05-05 21:24:00,-3.26,,
2023-05-05 21:25:00,-3.26,,
2023-05-05 21:26:00,-3.3,,
2023-05-05 21:27:00,-3.23,,
2023-05-05 21:28:00,-3.24,,
2023-05-05 21:29:00,-3.22,,
2023-05-05 21:30:00,-3.21,,
2023-05-05 21:31:00,-3.21,,
2023-05-05 21:32:00,-3.17,,
2023-05-05 21:33:00,-3.2,,
2023-05-05 21:34:00,-3.25,,
2023-05-05 21:35:00,-3.27,,
2023-05-05 21:36:00,-3.26,,
2023-05-05 21:37:00,-3.26,,
2023-05-05 21:38:00,-3.38,,
2023-05-05 21:39:00,-3.31,,
2023-05-05 21:40:00,-3.26,,
2023-05-05 21:41:00,-3.29,,
2023-05-05 21:42:00,-3.25,,
2023-05-05 21:43:00,-3.23,,
2023-05-05 21:44:00,-3.23,-339.7,8.32
2023-05-05 21:45:00,-3.23,-339.7,8.32
2023-05-05 21:46:00,-3.3,,
2023-05-05 21:47:00,-3.26,-340.8,8.14
2023-05-05 21:48:00,-3.11,-340.8,8.14
2023-05-05 21:49:00,-3.27,-339.8,8.1
2023-05-05 21:50:00,-3.14,-339.8,8.1
2023-05-05 21:51:00,,-339.8,8.1
2023-05-05 21:52:00,-3.1,-339.2,8.16
2023-05-05 21:53:00,-3.0,-339.2,8.16
2023-05-05 21:54:00,-3.05,-339.2,8.16
2023-05-05 21:55:00,-3.0,,
2023-05-05 21:56:00,-2.95,-372.1,5.87
2023-05-05 21:57:00,-3.0,-372.1,5.87
2023-05-05 21:58:00,-3.05,,
2023-05-05 21:59:00,-3.24,,
2023-05-05 22:00:00,-3.15,,
2023-05-05 22:01:00,-3.35,,
2023-05-05 22:02:00,-3.22,-340.6,7.45
2023-05-05 22:03:00,-3.26,-340.6,7.45
2023-05-05 22:04:00,-3.2,-340.6,7.45
2023-05-05 22:05:00,-3.4,,
2023-05-05 22:06:00,-3.3,,
2023-05-05 22:07:00,-3.36,-338.3,6.54
2023-05-05 22:08:00,-3.35,-338.4,6.54
2023-05-05 22:09:00,-3.35,-339.4,6.57
2023-05-05 22:10:00,-3.35,-339.4,6.57
2023-05-05 22:11:00,-3.35,,
2023-05-05 22:12:00,-3.25,,
2023-05-05 22:13:00,-3.22,,
2023-05-05 22:14:00,-3.24,,
2023-05-05 22:15:00,-3.18,,
2023-05-05 22:16:00,-3.2,,
2023-05-05 22:17:00,-3.2,,
2023-05-05 22:18:00,-3.27,-338.6,6.28
2023-05-05 22:19:00,-3.24,-338.5,6.3
2023-05-05 22:20:00,-3.08,-338.2,6.39
2023-05-05 22:21:00,-2.99,-338.2,6.39
2023-05-05 22:22:00,-3.05,,
2023-05-05 22:23:00,-2.85,,
2023-05-05 22:24:00,-2.78,,
2023-05-05 22:25:00,-2.79,,
2023-05-05 22:26:00,-2.9,,
2023-05-05 22:27:00,-2.81,,
2023-05-05 22:28:00,-2.81,,
2023-05-05 22:29:00,-2.7,,
2023-05-05 22:30:00,-2.64,-333.1,6.4
2023-05-05 22:31:00,-2.6,-333.1,6.4
2023-05-05 22:32:00,-2.6,-333.1,6.4
2023-05-05 22:33:00,-2.63,-332.9,6.36
2023-05-05 22:34:00,-2.61,-332.9,6.36
2023-05-05 22:35:00,-2.43,-333.9,6.39
2023-05-05 22:36:00,-2.33,-335.1,5.96
2023-05-05 22:37:00,-2.5,-336.2,5.59
2023-05-05 22:38:00,-2.17,,
2023-05-05 22:39:00,-2.44,,
2023-05-05 22:40:00,-2.37,,
2023-05-05 22:41:00,-2.08,,
2023-05-05 22:42:00,-2.07,-334.5,5.74
2023-05-05 22:43:00,-2.55,-335.6,5.61
2023-05-05 22:44:00,-2.18,-338.4,5.27
2023-05-05 22:45:00,-2.18,-338.2,5.22
2023-05-05 22:46:00,-2.41,-338.2,5.22
2023-05-05 22:47:00,-2.3,-337.0,5.53
2023-05-05 22:48:00,-2.54,-338.3,5.62
2023-05-05 22:49:00,-2.57,-338.3,5.68
2023-05-05 22:50:00,-2.53,-334.5,5.43
2023-05-05 22:51:00,-2.62,-341.4,5.89
2023-05-05 22:52:00,-2.67,-341.4,5.89
2023-05-05 22:53:00,-2.21,-341.4,5.89
2023-05-05 22:54:00,-1.98,,
2023-05-05 22:55:00,-2.29,-339.6,5.37
2023-05-05 22:56:00,-2.66,-339.7,5.56
2023-05-05 22:57:00,-2.69,-339.2,5.65
2023-05-05 22:58:00,-2.63,-340.7,5.85
2023-05-05 22:59:00,-2.72,-340.4,5.66
2023-05-05 23:00:00,-2.5,-340.3,5.74
2023-05-05 23:01:00,-2.54,-338.5,5.24
2023-05-05 23:02:00,-2.66,-339.9,5.16
2023-05-05 23:03:00,-2.87,-340.1,5.79
2023-05-05 23:04:00,-2.76,-341.3,5.68
2023-05-05 23:05:00,-2.7,-341.2,5.39
2023-05-05 23:06:00,-2.71,-341.8,5.45
2023-05-05 23:07:00,-2.84,-342.0,5.6
2023-05-05 23:08:00,-2.76,-342.1,5.8
2023-05-05 23:09:00,-2.61,-342.0,5.79
2023-05-05 23:10:00,-2.7,-340.1,5.22
2023-05-05 23:11:00,-2.64,-339.2,5.27
2023-05-05 23:12:00,-2.13,,
2023-05-05 23:13:00,-2.44,-342.7,5.17
2023-05-05 23:14:00,-2.2,-342.7,5.17
2023-05-05 23:15:00,-2.22,-342.0,5.35
2023-05-05 23:16:00,-2.35,-342.0,5.35
2023-05-05 23:17:00,-2.27,-342.0,5.35
2023-05-05 23:18:00,-2.37,,
2023-05-05 23:19:00,-2.13,-340.6,5.29
2023-05-05 23:20:00,-2.42,-340.6,5.29
2023-05-05 23:21:00,-2.11,-340.6,5.29
2023-05-05 23:22:00,-2.29,,
2023-05-05 23:23:00,-2.71,-340.2,5.48
2023-05-05 23:24:00,-2.96,-340.2,5.48
2023-05-05 23:25:00,-2.7,,
2023-05-05 23:26:00,-3.08,-339.2,5.68
2023-05-05 23:27:00,-3.08,-339.2,5.68
2023-05-05 23:28:00,-2.69,-339.2,5.68
2023-05-05 23:29:00,-3.11,,
2023-05-05 23:30:00,-3.03,-339.5,5.33
2023-05-05 23:31:00,-2.87,-339.5,5.33
2023-05-05 23:32:00,-3.13,-339.5,5.33
2023-05-05 23:33:00,-2.84,,
2023-05-05 23:34:00,-3.16,,
2023-05-05 23:35:00,-3.25,-339.4,5.36
2023-05-05 23:36:00,-2.88,-339.4,5.36
2023-05-05 23:37:00,-3.15,,
2023-05-05 23:38:00,-2.98,,
2023-05-05 23:39:00,-3.08,-340.5,5.99
2023-05-05 23:40:00,-2.82,-340.5,5.99
2023-05-05 23:41:00,-3.23,-340.5,5.99
2023-05-05 23:42:00,-3.22,,
2023-05-05 23:43:00,-2.83,,
2023-05-05 23:44:00,-3.17,-340.1,5.75
2023-05-05 23:45:00,,-340.1,5.75
2023-05-05 23:46:00,-2.09,,
2023-05-05 23:47:00,,,
2023-05-05 23:48:00,,,
2023-05-05 23:49:00,-2.08,,
2023-05-05 23:50:00,-2.08,,
2023-05-05 23:51:00,-2.78,,
2023-05-05 23:52:00,-2.78,,
2023-05-05 23:53:00,-2.04,,
2023-05-05 23:54:00,-2.8,,
2023-05-05 23:55:00,-2.78,,
2023-05-05 23:56:00,-2.86,,
2023-05-05 23:57:00,-2.59,,
2023-05-05 23:58:00,-3.08,,
2023-05-05 23:59:00,-2.96,,
2023-05-06 00:00:00,-2.6,,
2023-05-06 00:01:00,-3.05,,
2023-05-06 00:02:00,-3.06,,
2023-05-06 00:03:00,-3.02,,
2023-05-06 00:04:00,-2.63,-335.7,5.73
2023-05-06 00:05:00,-2.97,-335.7,5.73
2023-05-06 00:06:00,-2.95,-335.7,5.73
2023-05-06 00:07:00,-3.09,-331.1,6.54
2023-05-06 00:08:00,-2.66,-331.1,6.54
2023-05-06 00:09:00,-2.93,-331.1,6.54
2023-05-06 00:10:00,-2.84,,
2023-05-06 00:11:00,-2.93,,
2023-05-06 00:12:00,-2.78,-331.3,6.96
2023-05-06 00:13:00,-2.68,-331.3,6.96
2023-05-06 00:14:00,-2.89,-331.3,6.96
2023-05-06 00:15:00,-2.31,,
2023-05-06 00:16:00,-2.13,,
2023-05-06 00:17:00,-2.45,,
2023-05-06 00:18:00,-2.49,,
2023-05-06 00:19:00,-2.24,-331.2,6.54
2023-05-06 00:20:00,-2.54,-331.2,6.54
2023-05-06 00:21:00,-2.18,-331.2,6.54
2023-05-06 00:22:00,-2.34,-331.5,6.98
2023-05-06 00:23:00,-2.42,-331.5,6.98
2023-05-06 00:24:00,-2.7,,
2023-05-06 00:25:00,-2.67,,
2023-05-06 00:26:00,-2.6,-325.9,6.3
2023-05-06 00:27:00,-2.47,-326.8,6.4
2023-05-06 00:28:00,-2.7,-328.5,6.61
2023-05-06 00:29:00,-2.54,-333.1,6.04
2023-05-06 00:30:00,-2.52,-331.4,6.53
2023-05-06 00:31:00,-2.51,-331.8,6.67
2023-05-06 00:32:00,-2.34,-335.7,5.66
2023-05-06 00:33:00,-2.17,-337.5,5.28
2023-05-06 00:34:00,-2.24,-331.8,6.2
2023-05-06 00:35:00,-2.07,-331.8,6.2
2023-05-06 00:36:00,-2.27,-330.3,6.95
2023-05-06 00:37:00,-2.65,-330.3,6.95
2023-05-06 00:38:00,-2.1,-330.3,6.95
2023-05-06 00:39:00,-3.34,-364.1,13.71
2023-05-06 00:40:00,-2.65,-364.1,13.71
2023-05-06 00:41:00,-2.45,-364.1,13.71
2023-05-06 00:42:00,-2.72,,
2023-05-06 00:43:00,-3.28,-366.6,12.09
2023-05-06 00:44:00,-3.48,-366.6,12.09
2023-05-06 00:45:00,-3.03,-366.6,12.09
2023-05-06 00:46:00,-2.59,,
2023-05-06 00:47:00,-2.24,,
2023-05-06 00:48:00,-2.23,-332.3,6.52
2023-05-06 00:49:00,-2.28,-332.5,6.46
2023-05-06 00:50:00,-2.34,-334.7,5.77
2023-05-06 00:51:00,-2.96,-334.7,5.76
2023-05-06 00:52:00,-2.3,,
2023-05-06 00:53:00,-2.29,,
2023-05-06 00:54:00,-2.43,,
2023-05-06 00:55:00,-2.34,,
2023-05-06 00:56:00,-2.53,,
2023-05-06 00:57:00,-2.32,,
2023-05-06 00:58:00,-3.21,,
2023-05-06 00:59:00,-2.59,,
2023-05-06 01:00:00,-2.56,,
2023-05-06 01:01:00,-2.6,,
2023-05-06 01:02:00,-2.6,,
2023-05-06 01:03:00,-2.51,-328.4,6.77
2023-05-06 01:04:00,-3.16,-328.4,6.77
2023-05-06 01:05:00,-2.66,-328.5,6.72
2023-05-06 01:06:00,-2.44,-328.5,6.72
2023-05-06 01:07:00,-2.58,-328.5,6.72
2023-05-06 01:08:00,-2.59,,
2023-05-06 01:09:00,-2.51,,
2023-05-06 01:10:00,-2.87,-361.1,13.42
2023-05-06 01:11:00,-2.6,-357.2,12.66
2023-05-06 01:12:00,-2.58,-328.0,6.99
2023-05-06 01:13:00,-2.57,-327.1,6.75
2023-05-06 01:14:00,-2.69,-327.6,6.42
2023-05-06 01:15:00,-2.59,-327.6,6.42
2023-05-06 01:16:00,-3.35,-327.3,6.45
2023-05-06 01:17:00,-2.56,-327.3,6.45
2023-05-06 01:18:00,-2.74,,
2023-05-06 01:19:00,-2.68,,
2023-05-06 01:20:00,-2.85,,
2023-05-06 01:21:00,-2.64,,
2023-05-06 01:22:00,-3.72,,
2023-05-06 01:23:00,-2.63,-326.5,6.68
2023-05-06 01:24:00,-2.78,-326.5,6.68
2023-05-06 01:25:00,-2.56,,
2023-05-06 01:26:00,-2.84,,
2023-05-06 01:27:00,-3.44,,
2023-05-06 01:28:00,-2.65,,
2023-05-06 01:29:00,-2.61,,
2023-05-06 01:30:00,-2.63,,
2023-05-06 01:31:00,-2.62,,
2023-05-06 01:32:00,-3.19,,
2023-05-06 01:33:00,-2.59,,
2023-05-06 01:34:00,-2.73,,
2023-05-06 01:35:00,-2.69,,
2023-05-06 01:36:00,-2.87,,
2023-05-06 01:37:00,-2.77,,
2023-05-06 01:38:00,-2.56,,
2023-05-06 01:39:00,-3.88,,
2023-05-06 01:40:00,-4.71,-373.0,15.12
2023-05-06 01:41:00,-6.33,-373.0,15.12
2023-05-06 01:42:00,-6.59,,
2023-05-06 01:43:00,-6.48,-373.1,16.15
2023-05-06 01:44:00,-6.61,-373.1,16.15
2023-05-06 01:45:00,-6.58,-375.4,15.75
2023-05-06 01:46:00,-7.2,-376.7,15.52
2023-05-06 01:47:00,-6.97,-379.2,16.06
2023-05-06 01:48:00,-7.01,-379.8,16.19
2023-05-06 01:49:00,-7.83,-380.9,16.69
2023-05-06 01:50:00,-7.62,-380.9,16.69
2023-05-06 01:51:00,-8.08,-384.1,17.22
2023-05-06 01:52:00,-7.6,-379.4,16.56
2023-05-06 01:53:00,-7.52,-382.5,17.14
2023-05-06 01:54:00,-9.03,-385.2,17.59
2023-05-06 01:55:00,-8.03,-383.4,16.71
2023-05-06 01:56:00,-9.32,-368.7,14.93
2023-05-06 01:57:00,-10.6,-387.3,18.23
2023-05-06 01:58:00,-9.53,-387.5,18.26
2023-05-06 01:59:00,-9.36,-388.0,18.05
2023-05-06 02:00:00,-10.53,-388.0,18.05
2023-05-06 02:01:00,-9.32,-388.0,18.05
2023-05-06 02:02:00,-9.35,-383.2,17.76
2023-05-06 02:03:00,-10.11,-383.2,17.76
2023-05-06 02:04:00,-9.47,-383.2,17.76
2023-05-06 02:05:00,-8.46,,
2023-05-06 02:06:00,-8.2,,
2023-05-06 02:07:00,-9.14,,
2023-05-06 02:08:00,-8.44,,
2023-05-06 02:09:00,-9.05,,
2023-05-06 02:10:00,-9.47,,
2023-05-06 02:11:00,-10.54,,
2023-05-06 02:12:00,-10.74,-381.6,17.75
2023-05-06 02:13:00,-11.02,-381.8,17.79
2023-05-06 02:14:00,-10.96,-384.3,18.49
2023-05-06 02:15:00,-11.3,-384.3,18.49
2023-05-06 02:16:00,-11.52,,
2023-05-06 02:17:00,-11.51,,
2023-05-06 02:18:00,-11.36,,
2023-05-06 02:19:00,-11.44,,
2023-05-06 02:20:00,-11.13,-383.4,21.0
2023-05-06 02:21:00,-10.63,-383.4,21.0
2023-05-06 02:22:00,-10.49,-385.1,20.76
2023-05-06 02:23:00,-10.98,-385.1,20.76
2023-05-06 02:24:00,-11.88,,
2023-05-06 02:25:00,-11.85,,
2023-05-06 02:26:00,-9.81,,
2023-05-06 02:27:00,-10.52,-400.3,19.11
2023-05-06 02:28:00,-11.07,-394.7,18.07
2023-05-06 02:29:00,-11.39,-388.3,19.26
2023-05-06 02:30:00,-13.85,-392.1,21.25
2023-05-06 02:31:00,-14.95,-397.3,15.63
2023-05-06 02:32:00,-14.55,-399.6,16.05
2023-05-06 02:33:00,-14.47,-399.0,17.56
2023-05-06 02:34:00,-14.31,-400.1,19.4
2023-05-06 02:35:00,-14.18,-400.5,20.02
2023-05-06 02:36:00,-14.1,-401.1,20.71
2023-05-06 02:37:00,-13.88,-401.2,20.83
2023-05-06 02:38:00,-13.92,,
2023-05-06 02:39:00,-13.9,-401.4,21.01
2023-05-06 02:40:00,-13.7,-401.4,21.01
2023-05-06 02:41:00,-13.49,-401.4,21.01
2023-05-06 02:42:00,-13.19,,
2023-05-06 02:43:00,-13.09,,
2023-05-06 02:44:00,-13.17,,
2023-05-06 02:45:00,-12.92,,
2023-05-06 02:46:00,-13.26,,
2023-05-06 02:47:00,-13.65,,
2023-05-06 02:48:00,-13.45,,
2023-05-06 02:49:00,-13.26,,
2023-05-06 02:50:00,-13.21,,
2023-05-06 02:51:00,-13.0,,
2023-05-06 02:52:00,-13.12,,
2023-05-06 02:53:00,-12.82,,
2023-05-06 02:54:00,-13.2,-409.7,22.22
2023-05-06 02:55:00,-13.4,-409.7,22.22
2023-05-06 02:56:00,-13.53,,
2023-05-06 02:57:00,-13.61,,
2023-05-06 02:58:00,-14.15,,
2023-05-06 02:59:00,-14.08,,
2023-05-06 03:00:00,-13.73,,
2023-05-06 03:01:00,-14.49,-412.6,18.27
2023-05-06 03:02:00,-14.54,-412.6,18.27
2023-05-06 03:03:00,-12.21,-412.6,18.27
2023-05-06 03:04:00,-11.1,-417.7,29.3
2023-05-06 03:05:00,-10.62,-417.7,29.3
2023-05-06 03:06:00,-10.09,-417.7,29.37
2023-05-06 03:07:00,-10.23,-418.3,30.57
2023-05-06 03:08:00,-11.33,-417.7,30.7
2023-05-06 03:09:00,-10.43,-417.2,30.81
2023-05-06 03:10:00,-10.45,-415.6,30.84
2023-05-06 03:11:00,-10.41,-415.5,30.84
2023-05-06 03:12:00,-10.33,-415.3,28.75
2023-05-06 03:13:00,-11.2,-414.8,24.89
2023-05-06 03:14:00,-10.92,-414.8,24.89
2023-05-06 03:15:00,-10.82,,
2023-05-06 03:16:00,-11.78,,
2023-05-06 03:17:00,-12.93,,
2023-05-06 03:18:00,-12.94,-415.0,21.75
2023-05-06 03:19:00,-12.14,-415.0,21.75
2023-05-06 03:20:00,-11.39,-414.4,25.58
2023-05-06 03:21:00,-11.23,-414.4,25.89
2023-05-06 03:22:00,-11.49,-412.0,24.94
2023-05-06 03:23:00,-12.72,-411.6,24.78
2023-05-06 03:24:00,-12.49,-411.6,24.78
2023-05-06 03:25:00,-13.23,,
2023-05-06 03:26:00,-13.56,-420.6,18.69
2023-05-06 03:27:00,-13.22,-410.5,15.75
2023-05-06 03:28:00,-13.36,-406.3,17.02
2023-05-06 03:29:00,-13.1,-406.9,18.36
2023-05-06 03:30:00,-9.56,-422.4,32.74
2023-05-06 03:31:00,-10.02,-413.8,34.56
2023-05-06 03:32:00,-10.35,-410.8,34.66
2023-05-06 03:33:00,-9.01,-410.7,34.67
2023-05-06 03:34:00,-9.89,-406.4,35.29
2023-05-06 03:35:00,-10.11,-406.4,35.29
2023-05-06 03:36:00,-9.84,-410.0,24.67
2023-05-06 03:37:00,-9.12,-410.9,22.06
2023-05-06 03:38:00,-9.69,-410.9,22.06
2023-05-06 03:39:00,-9.4,,
2023-05-06 03:40:00,-10.2,,
2023-05-06 03:41:00,-11.49,,
2023-05-06 03:42:00,-10.81,,
2023-05-06 03:43:00,-12.75,,
2023-05-06 03:44:00,-12.4,,
2023-05-06 03:45:00,-12.41,,
2023-05-06 03:46:00,-12.78,,
2023-05-06 03:47:00,-12.85,,
2023-05-06 03:48:00,-14.88,,
2023-05-06 03:49:00,-14.77,-400.1,19.52
2023-05-06 03:50:00,-15.42,-400.1,19.52
2023-05-06 03:51:00,-15.31,,
2023-05-06 03:52:00,-15.56,,
2023-05-06 03:53:00,-15.55,,
2023-05-06 03:54:00,-15.33,,
2023-05-06 03:55:00,-15.18,,
2023-05-06 03:56:00,-15.1,,
2023-05-06 03:57:00,-15.18,,
2023-05-06 03:58:00,-14.82,,
2023-05-06 03:59:00,-14.88,,
2023-05-06 04:00:00,-14.8,,
2023-05-06 04:01:00,-14.85,,
2023-05-06 04:02:00,-15.11,,
2023-05-06 04:03:00,-15.27,,
2023-05-06 04:04:00,-15.46,,
2023-05-06 04:05:00,-15.38,,
2023-05-06 04:06:00,-15.41,,
2023-05-06 04:07:00,-15.4,,
2023-05-06 04:08:00,-15.35,,
2023-05-06 04:09:00,-15.38,,
2023-05-06 04:10:00,-15.38,,
2023-05-06 04:11:00,-15.21,,
2023-05-06 04:12:00,-15.2,,
2023-05-06 04:13:00,-15.38,,
2023-05-06 04:14:00,-15.44,,
2023-05-06 04:15:00,-15.39,,
2023-05-06 04:16:00,-15.58,,
2023-05-06 04:17:00,-15.59,,
2023-05-06 04:18:00,-15.35,,
2023-05-06 04:19:00,-14.49,,
2023-05-06 04:20:00,-12.67,,
2023-05-06 04:21:00,-14.04,,
2023-05-06 04:22:00,-13.66,-393.6,34.39
2023-05-06 04:23:00,-13.29,-393.6,34.39
2023-05-06 04:24:00,-12.0,-393.6,34.39
2023-05-06 04:25:00,-12.49,,
2023-05-06 04:26:00,-12.79,,
2023-05-06 04:27:00,-12.04,,
2023-05-06 04:28:00,-12.58,,
2023-05-06 04:29:00,-12.7,,
2023-05-06 04:30:00,-12.06,,
2023-05-06 04:31:00,-11.74,,
2023-05-06 04:32:00,-11.88,,
2023-05-06 04:33:00,-11.89,,
2023-05-06 04:34:00,-11.58,,
2023-05-06 04:35:00,-11.11,,
2023-05-06 04:36:00,-10.67,,
2023-05-06 04:37:00,-10.53,,
2023-05-06 04:38:00,-10.31,,
2023-05-06 04:39:00,-10.16,,
2023-05-06 04:40:00,-10.71,,
2023-05-06 04:41:00,-10.68,,
2023-05-06 04:42:00,-10.65,,
2023-05-06 04:43:00,-10.95,,
2023-05-06 04:44:00,-10.96,,
2023-05-06 04:45:00,-10.89,,
2023-05-06 04:46:00,-10.42,,
2023-05-06 04:47:00,-10.51,,
2023-05-06 04:48:00,-11.03,-391.5,23.49
2023-05-06 04:49:00,-10.73,-390.7,22.87
2023-05-06 04:50:00,-10.41,-389.6,22.03
2023-05-06 04:51:00,-10.31,,
2023-05-06 04:52:00,-10.42,-389.8,37.79
2023-05-06 04:53:00,-10.57,-389.8,37.79
2023-05-06 04:54:00,-10.88,-387.9,35.77
2023-05-06 04:55:00,-12.3,-387.9,35.76
2023-05-06 04:56:00,-12.38,-387.4,34.04
2023-05-06 04:57:00,,-387.4,34.04
2023-05-06 04:58:00,1.11,-386.6,34.19
2023-05-06 04:59:00,15.67,-386.9,32.29
2023-05-06 05:00:00,16.26,-387.5,28.09
2023-05-06 05:01:00,13.66,-387.5,28.09
2023-05-06 05:02:00,14.1,,
2023-05-06 05:03:00,14.86,-387.9,23.88
2023-05-06 05:04:00,15.89,-388.0,23.64
2023-05-06 05:05:00,16.14,-388.9,19.53
2023-05-06 05:06:00,15.67,-388.9,19.53
2023-05-06 05:07:00,16.08,-386.4,21.6
2023-05-06 05:08:00,15.33,-386.7,22.02
2023-05-06 05:09:00,13.74,-390.1,26.56
2023-05-06 05:10:00,14.59,-389.3,25.7
2023-05-06 05:11:00,13.85,-389.8,24.55
2023-05-06 05:12:00,14.15,-390.6,23.7
2023-05-06 05:13:00,14.02,-389.1,23.98
2023-05-06 05:14:00,13.69,-388.4,24.84
2023-05-06 05:15:00,13.21,-388.6,26.14
2023-05-06 05:16:00,13.41,-384.9,23.34
2023-05-06 05:17:00,15.27,-384.9,23.34
2023-05-06 05:18:00,15.5,-384.3,21.88
2023-05-06 05:19:00,15.68,-384.3,21.88
2023-05-06 05:20:00,15.64,-384.3,21.88
2023-05-06 05:21:00,15.54,-385.2,22.11
2023-05-06 05:22:00,15.17,-385.2,22.11
2023-05-06 05:23:00,14.37,-384.5,20.32
2023-05-06 05:24:00,15.59,-384.5,20.32
2023-05-06 05:25:00,15.82,-384.5,20.32
2023-05-06 05:26:00,15.91,-385.6,19.96
2023-05-06 05:27:00,15.86,-385.6,19.96
2023-05-06 05:28:00,15.84,-384.5,20.82
2023-05-06 05:29:00,15.27,-384.5,20.83
2023-05-06 05:30:00,14.94,-384.5,20.83
2023-05-06 05:31:00,14.19,-382.8,20.18
2023-05-06 05:32:00,14.75,-382.8,20.18
2023-05-06 05:33:00,14.49,-383.3,19.92
2023-05-06 05:34:00,14.49,-383.7,20.01
2023-05-06 05:35:00,15.88,-385.8,20.47
2023-05-06 05:36:00,16.36,-385.2,18.24
2023-05-06 05:37:00,16.7,-385.1,17.76
2023-05-06 05:38:00,16.54,-384.6,18.31
2023-05-06 05:39:00,16.93,-384.6,18.31
2023-05-06 05:40:00,16.82,-385.2,17.27
2023-05-06 05:41:00,17.08,-386.0,16.9
2023-05-06 05:42:00,16.76,-386.5,16.68
2023-05-06 05:43:00,16.71,-384.0,16.61
2023-05-06 05:44:00,16.7,-384.0,16.61
2023-05-06 05:45:00,16.76,,
2023-05-06 05:46:00,16.76,,
2023-05-06 05:47:00,16.74,-384.0,16.81
2023-05-06 05:48:00,16.68,-384.0,16.81
2023-05-06 05:49:00,16.62,-384.0,16.81
2023-05-06 05:50:00,16.5,-383.4,16.84
2023-05-06 05:51:00,16.35,-382.7,16.89
2023-05-06 05:52:00,16.33,-381.7,16.98
2023-05-06 05:53:00,16.26,-381.7,16.98
2023-05-06 05:54:00,16.23,-380.2,16.33
2023-05-06 05:55:00,16.43,-380.2,16.34
2023-05-06 05:56:00,16.11,-380.4,17.09
2023-05-06 05:57:00,15.74,-378.1,17.07
2023-05-06 05:58:00,15.61,-377.2,17.24
2023-05-06 05:59:00,15.62,-377.5,17.3
2023-05-06 06:00:00,15.73,-379.0,16.95
2023-05-06 06:01:00,15.74,-380.9,16.48
2023-05-06 06:02:00,15.53,-381.8,16.31
2023-05-06 06:03:00,15.55,-377.0,15.8
2023-05-06 06:04:00,15.48,-376.9,15.87
2023-05-06 06:05:00,15.45,-376.0,16.41
2023-05-06 06:06:00,15.55,-376.9,16.45
2023-05-06 06:07:00,15.08,-375.9,16.51
2023-05-06 06:08:00,14.69,-375.8,16.33
2023-05-06 06:09:00,15.01,-376.4,15.84
2023-05-06 06:10:00,14.89,-374.9,15.31
2023-05-06 06:11:00,14.83,-374.4,15.49
2023-05-06 06:12:00,14.85,-372.6,16.08
2023-05-06 06:13:00,14.98,-374.0,15.51
2023-05-06 06:14:00,14.74,-374.3,15.12
2023-05-06 06:15:00,14.66,-374.7,15.35
2023-05-06 06:16:00,14.87,-375.1,15.69
2023-05-06 06:17:00,14.92,-374.1,15.58
2023-05-06 06:18:00,14.24,-374.1,15.58
2023-05-06 06:19:00,13.85,,
2023-05-06 06:20:00,8.49,-373.7,16.4
2023-05-06 06:21:00,13.55,-373.7,16.37
2023-05-06 06:22:00,7.37,-373.6,14.73
2023-05-06 06:23:00,6.95,-382.7,7.94
2023-05-06 06:24:00,2.92,-371.4,12.19
2023-05-06 06:25:00,6.08,-381.3,8.45
2023-05-06 06:26:00,5.78,-375.8,10.62
2023-05-06 06:27:00,5.52,-374.9,12.32
2023-05-06 06:28:00,2.76,-376.8,10.93
2023-05-06 06:29:00,10.72,-377.5,8.98
2023-05-06 06:30:00,9.79,-377.4,8.95
2023-05-06 06:31:00,-7.9,,
2023-05-06 06:32:00,,,
2023-05-06 06:33:00,,,
2023-05-06 06:34:00,,,
2023-05-06 06:35:00,,,
2023-05-06 06:36:00,,,
2023-05-06 06:37:00,,,
2023-05-06 06:38:00,,,
2023-05-06 06:39:00,,,
2023-05-06 06:40:00,,,
2023-05-06 06:41:00,,,
2023-05-06 06:42:00,,,
2023-05-06 06:43:00,,,
2023-05-06 06:44:00,,,
2023-05-06 06:45:00,,,
2023-05-06 06:46:00,7.37,,
2023-05-06 06:47:00,2.15,-380.9,9.19
2023-05-06 06:48:00,-2.57,-380.9,9.19
2023-05-06 06:49:00,-0.83,-380.9,9.19
2023-05-06 06:50:00,-1.25,-381.9,6.71
2023-05-06 06:51:00,-1.95,-381.9,6.71
2023-05-06 06:52:00,0.36,,
2023-05-06 06:53:00,-3.68,-383.9,6.7
2023-05-06 06:54:00,5.3,-383.9,6.7
2023-05-06 06:55:00,7.87,-385.7,8.29
2023-05-06 06:56:00,1.72,-385.4,8.73
2023-05-06 06:57:00,2.45,-383.6,10.14
2023-05-06 06:58:00,0.71,-385.4,7.91
2023-05-06 06:59:00,-0.6,-375.9,10.14
2023-05-06 07:00:00,5.67,-372.0,10.87
2023-05-06 07:01:00,4.31,,
2023-05-06 07:02:00,,,
2023-05-06 07:03:00,2.87,,
2023-05-06 07:04:00,,,
2023-05-06 07:05:00,2.04,,
2023-05-06 07:06:00,,,
2023-05-06 07:07:00,1.38,,
2023-05-06 07:08:00,2.1,-387.6,10.74
2023-05-06 07:09:00,2.1,-387.6,10.74
2023-05-06 07:10:00,5.83,-387.6,10.74
2023-05-06 07:11:00,2.05,,
2023-05-06 07:12:00,4.07,,
2023-05-06 07:13:00,4.07,,
2023-05-06 07:14:00,5.72,,
2023-05-06 07:15:00,5.72,,
2023-05-06 07:16:00,,,
2023-05-06 07:17:00,6.03,,
2023-05-06 07:18:00,,,
2023-05-06 07:19:00,6.59,,
2023-05-06 07:20:00,,,
2023-05-06 07:21:00,,,
2023-05-06 07:22:00,3.33,-405.1,6.45
2023-05-06 07:23:00,,-405.1,6.45
2023-05-06 07:24:00,,-405.1,6.45
2023-05-06 07:25:00,9.22,,
2023-05-06 07:26:00,4.59,,
2023-05-06 07:27:00,,,
2023-05-06 07:28:00,,,
2023-05-06 07:29:00,5.56,,
2023-05-06 07:30:00,7.14,,
2023-05-06 07:31:00,5.99,-412.0,6.45
2023-05-06 07:32:00,6.09,-412.0,6.45
2023-05-06 07:33:00,8.67,-412.1,6.53
2023-05-06 07:34:00,8.05,-413.9,7.96
2023-05-06 07:35:00,8.45,-445.1,7.37
2023-05-06 07:36:00,8.86,-450.8,6.96
2023-05-06 07:37:00,7.16,-432.6,7.59
2023-05-06 07:38:00,3.95,-427.1,7.83
2023-05-06 07:39:00,5.06,-442.3,6.35
2023-05-06 07:40:00,8.62,-442.3,6.35
2023-05-06 07:41:00,4.3,-456.4,6.59
2023-05-06 07:42:00,2.91,-456.4,6.59
2023-05-06 07:43:00,2.49,,
2023-05-06 07:44:00,5.14,-478.2,6.52
2023-05-06 07:45:00,0.74,-478.2,6.52
2023-05-06 07:46:00,5.28,-470.6,7.86
2023-05-06 07:47:00,6.59,-462.5,7.14
2023-05-06 07:48:00,6.49,-445.4,5.62
2023-05-06 07:49:00,5.47,,
2023-05-06 07:50:00,4.91,-471.8,8.1
2023-05-06 07:51:00,4.04,-471.4,8.06
2023-05-06 07:52:00,5.39,-456.9,7.83
2023-05-06 07:53:00,5.48,-432.3,7.99
2023-05-06 07:54:00,3.61,-480.1,4.03
2023-05-06 07:55:00,0.77,-452.6,6.07
2023-05-06 07:56:00,0.25,-443.9,6.81
2023-05-06 07:57:00,0.84,-447.0,6.99
2023-05-06 07:58:00,-0.18,-442.2,6.76
2023-05-06 07:59:00,4.21,-444.3,6.88
2023-05-06 08:00:00,1.31,-463.6,7.95
2023-05-06 08:01:00,2.94,-463.6,7.95
2023-05-06 08:02:00,1.95,-414.7,6.99
2023-05-06 08:03:00,4.45,-416.3,6.91
2023-05-06 08:04:00,-1.38,-421.6,6.87
2023-05-06 08:05:00,4.69,-426.4,7.58
2023-05-06 08:06:00,-0.9,-429.0,8.31
2023-05-06 08:07:00,1.03,-430.9,8.25
2023-05-06 08:08:00,3.33,-444.9,5.5
2023-05-06 08:09:00,2.92,-440.7,6.45
2023-05-06 08:10:00,1.35,-433.4,8.1
2023-05-06 08:11:00,-2.9,,
2023-05-06 08:12:00,-5.1,-454.6,7.28
2023-05-06 08:13:00,-3.86,-447.3,7.58
2023-05-06 08:14:00,-4.46,-433.1,7.48
2023-05-06 08:15:00,-5.2,-438.0,7.34
2023-05-06 08:16:00,-3.83,,
2023-05-06 08:17:00,-10.33,,
2023-05-06 08:18:00,-9.66,,
2023-05-06 08:19:00,-9.22,-448.2,10.02
2023-05-06 08:20:00,-6.15,-448.2,10.02
2023-05-06 08:21:00,0.86,-448.2,10.02
2023-05-06 08:22:00,-2.36,,
2023-05-06 08:23:00,-2.27,-437.8,9.05
2023-05-06 08:24:00,-3.19,-437.8,9.05
2023-05-06 08:25:00,-1.98,,
2023-05-06 08:26:00,-0.88,-458.2,6.95
2023-05-06 08:27:00,-1.36,-461.4,7.76
2023-05-06 08:28:00,-0.26,-465.3,8.74
2023-05-06 08:29:00,-2.28,-470.7,7.49
2023-05-06 08:30:00,0.42,-464.9,7.78
2023-05-06 08:31:00,-2.37,-455.0,6.8
2023-05-06 08:32:00,-3.55,,
2023-05-06 08:33:00,-3.31,,
2023-05-06 08:34:00,-2.77,-458.8,8.42
2023-05-06 08:35:00,-2.53,-458.8,8.42
2023-05-06 08:36:00,-2.21,-472.3,5.75
2023-05-06 08:37:00,-2.09,-472.3,5.75
2023-05-06 08:38:00,-1.39,-472.3,5.75
2023-05-06 08:39:00,-1.68,,
2023-05-06 08:40:00,-1.48,,
2023-05-06 08:41:00,,,
2023-05-06 08:42:00,,,
2023-05-06 08:43:00,,,
2023-05-06 08:44:00,,,
2023-05-06 08:45:00,-2.47,,
2023-05-06 08:46:00,-2.51,-457.5,8.45
2023-05-06 08:47:00,-4.31,-457.5,8.45
2023-05-06 08:48:00,-3.12,-444.7,9.5
2023-05-06 08:49:00,-2.58,-445.5,10.32
2023-05-06 08:50:00,-1.93,-445.9,10.78
2023-05-06 08:51:00,-0.75,-460.1,10.41
2023-05-06 08:52:00,-0.98,-460.1,10.41
2023-05-06 08:53:00,-1.04,,
2023-05-06 08:54:00,0.42,-471.1,7.32
2023-05-06 08:55:00,-0.46,-466.9,7.04
2023-05-06 08:56:00,-2.59,-461.8,7.95
2023-05-06 08:57:00,-5.02,-447.9,8.23
2023-05-06 08:58:00,-1.67,-447.9,7.83
2023-05-06 08:59:00,-7.32,-445.6,6.97
2023-05-06 09:00:00,-6.69,-447.5,9.71
2023-05-06 09:01:00,-7.08,-450.0,9.31
2023-05-06 09:02:00,-8.89,-464.2,7.06
2023-05-06 09:03:00,-8.83,-464.2,7.06
2023-05-06 09:04:00,-7.3,-470.3,7.5
2023-05-06 09:05:00,-7.45,-470.3,7.5
2023-05-06 09:06:00,-2.97,-467.1,7.1
2023-05-06 09:07:00,-0.78,-467.1,7.1
2023-05-06 09:08:00,1.06,-467.1,7.1
2023-05-06 09:09:00,1.28,,
2023-05-06 09:10:00,1.49,,
2023-05-06 09:11:00,2.61,-490.5,7.81
2023-05-06 09:12:00,4.32,-490.5,7.82
2023-05-06 09:13:00,3.48,-491.6,8.08
2023-05-06 09:14:00,1.24,-491.8,8.14
2023-05-06 09:15:00,-5.88,,
2023-05-06 09:16:00,-1.65,-528.5,8.7
2023-05-06 09:17:00,4.53,-526.0,8.61
2023-05-06 09:18:00,4.05,-518.8,8.37
2023-05-06 09:19:00,1.92,-518.8,8.37
2023-05-06 09:20:00,0.26,-516.9,8.1
2023-05-06 09:21:00,3.03,-512.2,8.18
2023-05-06 09:22:00,2.92,-507.8,8.21
2023-05-06 09:23:00,3.33,-509.0,7.93
2023-05-06 09:24:00,-0.93,-507.1,8.24
2023-05-06 09:25:00,-7.36,-502.9,7.5
2023-05-06 09:26:00,-12.27,-497.4,6.33
2023-05-06 09:27:00,-8.57,-503.9,6.77
2023-05-06 09:28:00,-8.87,-503.9,6.77
2023-05-06 09:29:00,-8.48,-505.1,7.29
2023-05-06 09:30:00,-5.73,-506.3,7.36
2023-05-06 09:31:00,-8.72,-511.4,7.66
2023-05-06 09:32:00,-9.07,-505.9,7.43
2023-05-06 09:33:00,-3.88,-500.2,7.18
2023-05-06 09:34:00,-2.3,-514.5,8.0
2023-05-06 09:35:00,-2.84,-515.5,8.06
2023-05-06 09:36:00,-3.26,-511.9,8.09
2023-05-06 09:37:00,,-511.9,8.09
2023-05-06 09:38:00,-3.98,-511.9,8.09
2023-05-06 09:39:00,-6.63,-528.8,7.06
2023-05-06 09:40:00,-6.72,-528.8,7.06
2023-05-06 09:41:00,-9.54,-495.4,7.42
2023-05-06 09:42:00,-11.44,-495.4,7.42
2023-05-06 09:43:00,-12.72,,
2023-05-06 09:44:00,-8.17,-504.3,8.28
2023-05-06 09:45:00,-4.39,-504.3,8.28
2023-05-06 09:46:00,-3.06,-520.4,7.58
2023-05-06 09:47:00,-7.65,-523.6,7.5
2023-05-06 09:48:00,-6.9,-530.1,7.71
2023-05-06 09:49:00,-7.54,-530.4,7.75
2023-05-06 09:50:00,-6.42,-530.8,7.56
2023-05-06 09:51:00,-7.35,-530.8,7.56
2023-05-06 09:52:00,-6.58,,
2023-05-06 09:53:00,,,
2023-05-06 09:54:00,-8.68,,
2023-05-06 09:55:00,-8.68,,
2023-05-06 09:56:00,,,
2023-05-06 09:57:00,,,
2023-05-06 09:58:00,,,
2023-05-06 09:59:00,,,
2023-05-06 10:00:00,,,
2023-05-06 10:01:00,-8.52,,
2023-05-06 10:02:00,-6.81,,
2023-05-06 10:03:00,,,
2023-05-06 10:04:00,,,
2023-05-06 10:05:00,-10.06,,
2023-05-06 10:06:00,-12.35,,
2023-05-06 10:07:00,-12.55,,
2023-05-06 10:08:00,-12.46,,
2023-05-06 10:09:00,-11.82,-527.1,7.01
2023-05-06 10:10:00,-11.55,-526.3,7.14
2023-05-06 10:11:00,-11.4,-525.0,7.34
2023-05-06 10:12:00,-10.86,,
2023-05-06 10:13:00,-9.46,,
2023-05-06 10:14:00,-6.18,,
2023-05-06 10:15:00,-1.67,,
2023-05-06 10:16:00,0.29,,
2023-05-06 10:17:00,-1.32,,
2023-05-06 10:18:00,10.6,,
2023-05-06 10:19:00,-3.23,,
2023-05-06 10:20:00,6.23,-527.7,8.2
2023-05-06 10:21:00,5.43,-534.0,7.73
2023-05-06 10:22:00,2.45,-539.3,7.34
2023-05-06 10:23:00,6.91,-525.5,8.15
2023-05-06 10:24:00,-0.25,-525.5,8.15
2023-05-06 10:25:00,4.53,-535.2,8.27
2023-05-06 10:26:00,5.51,-535.3,8.27
2023-05-06 10:27:00,3.96,,
2023-05-06 10:28:00,10.23,,
2023-05-06 10:29:00,7.66,-535.9,8.01
2023-05-06 10:30:00,9.56,-533.9,7.6
2023-05-06 10:31:00,7.38,-532.2,7.47
2023-05-06 10:32:00,9.34,-525.1,6.66
2023-05-06 10:33:00,10.07,-532.5,7.1
2023-05-06 10:34:00,7.74,-541.1,7.7
2023-05-06 10:35:00,6.7,-533.4,7.46
2023-05-06 10:36:00,-3.7,-533.4,7.46
2023-05-06 10:37:00,2.64,-533.7,8.05
2023-05-06 10:38:00,3.67,-533.7,8.06
2023-05-06 10:39:00,1.29,,
2023-05-06 10:40:00,1.81,,
2023-05-06 10:41:00,-1.6,-526.4,7.5
2023-05-06 10:42:00,0.0,-529.9,7.84
2023-05-06 10:43:00,-1.29,-531.7,8.07
2023-05-06 10:44:00,-1.65,-523.3,7.39
2023-05-06 10:45:00,-1.31,-522.1,7.33
2023-05-06 10:46:00,-1.81,-522.1,7.27
2023-05-06 10:47:00,-0.38,-522.3,7.21
2023-05-06 10:48:00,6.63,,
2023-05-06 10:49:00,4.82,,
2023-05-06 10:50:00,,,
2023-05-06 10:51:00,4.16,,
2023-05-06 10:52:00,7.12,-540.6,6.51
2023-05-06 10:53:00,7.7,-540.6,6.51
2023-05-06 10:54:00,6.64,,
2023-05-06 10:55:00,4.76,-535.9,6.99
2023-05-06 10:56:00,2.5,-535.9,6.99
2023-05-06 10:57:00,0.98,-542.7,7.27
2023-05-06 10:58:00,-1.43,-545.0,7.36
2023-05-06 10:59:00,2.77,,
2023-05-06 11:00:00,1.34,,
2023-05-06 11:01:00,-1.4,,
2023-05-06 11:02:00,6.82,,
2023-05-06 11:03:00,1.07,,
2023-05-06 11:04:00,0.27,,
2023-05-06 11:05:00,-0.41,,
2023-05-06 11:06:00,-1.85,,
2023-05-06 11:07:00,0.37,,
2023-05-06 11:08:00,0.33,,
2023-05-06 11:09:00,0.57,,
2023-05-06 11:10:00,0.24,,
2023-05-06 11:11:00,0.77,,
2023-05-06 11:12:00,1.4,,
2023-05-06 11:13:00,1.2,,
2023-05-06 11:14:00,1.08,,
2023-05-06 11:15:00,0.97,,
2023-05-06 11:16:00,-2.21,,
2023-05-06 11:17:00,-3.82,,
2023-05-06 11:18:00,-4.41,,
2023-05-06 11:19:00,-4.78,,
2023-05-06 11:20:00,-6.32,,
2023-05-06 11:21:00,1.84,,
2023-05-06 11:22:00,-3.25,-536.7,7.49
2023-05-06 11:23:00,-2.77,-536.7,7.49
2023-05-06 11:24:00,1.08,-538.6,6.74
2023-05-06 11:25:00,-1.22,-538.6,6.74
2023-05-06 11:26:00,2.51,-555.1,6.97
2023-05-06 11:27:00,2.84,-553.0,6.95
2023-05-06 11:28:00,0.09,-525.0,6.35
2023-05-06 11:29:00,-2.11,-532.7,7.18
2023-05-06 11:30:00,-3.96,-541.1,7.2
2023-05-06 11:31:00,-4.98,-539.6,6.84
2023-05-06 11:32:00,-2.78,-521.6,6.28
2023-05-06 11:33:00,-1.85,-533.7,6.6
2023-05-06 11:34:00,-3.82,-528.0,6.8
2023-05-06 11:35:00,-4.11,-529.9,6.95
2023-05-06 11:36:00,-4.67,-526.5,6.82
2023-05-06 11:37:00,-5.62,-524.2,6.82
2023-05-06 11:38:00,-5.34,-521.4,7.13
2023-05-06 11:39:00,-5.4,-528.1,7.04
2023-05-06 11:40:00,-5.69,-528.9,7.03
2023-05-06 11:41:00,-4.69,-523.4,7.02
2023-05-06 11:42:00,-4.45,-523.5,7.12
2023-05-06 11:43:00,-3.62,-523.2,7.56
2023-05-06 11:44:00,-4.37,-523.2,7.56
2023-05-06 11:45:00,-3.15,,
2023-05-06 11:46:00,-2.81,-525.0,6.71
2023-05-06 11:47:00,-2.68,-525.0,6.71
2023-05-06 11:48:00,-4.78,-525.0,6.71
2023-05-06 11:49:00,,,
2023-05-06 11:50:00,,,
2023-05-06 11:51:00,-0.67,,
2023-05-06 11:52:00,,,
2023-05-06 11:53:00,,,
2023-05-06 11:54:00,,,
2023-05-06 11:55:00,,,
2023-05-06 11:56:00,-1.31,,
2023-05-06 11:57:00,-1.31,,
2023-05-06 11:58:00,,,
2023-05-06 11:59:00,,,
2023-05-06 12:00:00,,,
2023-05-06 12:01:00,-0.15,-528.6,8.19
2023-05-06 12:02:00,0.62,-529.3,8.29
2023-05-06 12:03:00,-1.28,-532.0,8.15
2023-05-06 12:04:00,-1.81,-532.4,8.09
2023-05-06 12:05:00,-0.95,,
2023-05-06 12:06:00,-0.74,,
2023-05-06 12:07:00,-0.91,,
2023-05-06 12:08:00,-0.69,-521.1,7.67
2023-05-06 12:09:00,-1.92,-521.1,7.67
2023-05-06 12:10:00,-0.94,-539.4,8.82
2023-05-06 12:11:00,-0.46,-539.4,8.82
2023-05-06 12:12:00,,,
2023-05-06 12:13:00,2.8,,
2023-05-06 12:14:00,1.87,,
2023-05-06 12:15:00,8.39,-543.4,9.97
2023-05-06 12:16:00,5.49,-543.0,9.87
2023-05-06 12:17:00,5.48,-541.8,9.6
2023-05-06 12:18:00,,-541.8,9.6
2023-05-06 12:19:00,,,
2023-05-06 12:20:00,-0.55,-543.2,9.28
2023-05-06 12:21:00,-0.98,-543.2,9.28
2023-05-06 12:22:00,-7.14,-513.5,7.9
2023-05-06 12:23:00,-6.72,-513.5,7.9
2023-05-06 12:24:00,-5.4,-520.3,7.91
2023-05-06 12:25:00,-5.31,-520.0,7.75
2023-05-06 12:26:00,-5.0,-515.4,7.72
2023-05-06 12:27:00,-4.87,-514.5,8.27
2023-05-06 12:28:00,-4.65,-513.2,8.06
2023-05-06 12:29:00,-5.3,-513.1,7.52
2023-05-06 12:30:00,-4.83,-511.9,7.66
2023-05-06 12:31:00,-4.21,-507.8,8.54
2023-05-06 12:32:00,-3.83,-507.8,8.74
2023-05-06 12:33:00,-4.13,-507.2,8.94
2023-05-06 12:34:00,-4.85,-518.6,7.84
2023-05-06 12:35:00,-5.41,-518.6,7.84
2023-05-06 12:36:00,-2.01,-516.8,7.95
2023-05-06 12:37:00,0.07,-512.7,8.46
2023-05-06 12:38:00,-2.14,-511.6,8.96
2023-05-06 12:39:00,-5.89,-510.8,9.1
2023-05-06 12:40:00,-2.06,,
2023-05-06 12:41:00,-2.25,,
2023-05-06 12:42:00,-2.02,-511.8,8.37
2023-05-06 12:43:00,-4.09,-509.4,8.47
2023-05-06 12:44:00,-7.03,-505.8,8.76
2023-05-06 12:45:00,-6.92,-516.0,9.15
2023-05-06 12:46:00,,-516.0,9.15
2023-05-06 12:47:00,-1.27,,
2023-05-06 12:48:00,-1.26,,
2023-05-06 12:49:00,0.02,,
2023-05-06 12:50:00,0.51,,
2023-05-06 12:51:00,1.09,,
2023-05-06 12:52:00,-0.89,,
2023-05-06 12:53:00,0.04,,
2023-05-06 12:54:00,-0.66,,
2023-05-06 12:55:00,-1.07,,
2023-05-06 12:56:00,-1.7,,
2023-05-06 12:57:00,-1.55,,
2023-05-06 12:58:00,-1.56,,
2023-05-06 12:59:00,-1.56,,
2023-05-06 13:00:00,,,
2023-05-06 13:01:00,-2.04,,
2023-05-06 13:02:00,-2.08,-515.6,6.13
2023-05-06 13:03:00,-3.14,-515.6,6.13
2023-05-06 13:04:00,-2.43,-515.6,6.13
2023-05-06 13:05:00,,,
2023-05-06 13:06:00,-2.86,-547.8,9.84
2023-05-06 13:07:00,,-547.8,9.84
2023-05-06 13:08:00,6.57,-547.8,9.84
2023-05-06 13:09:00,8.97,,
2023-05-06 13:10:00,9.16,,
2023-05-06 13:11:00,9.1,,
2023-05-06 13:12:00,8.24,,
2023-05-06 13:13:00,7.96,,
2023-05-06 13:14:00,8.62,,
2023-05-06 13:15:00,8.2,,
2023-05-06 13:16:00,8.02,,
2023-05-06 13:17:00,8.05,,
2023-05-06 13:18:00,8.27,,
2023-05-06 13:19:00,5.62,-522.7,9.72
2023-05-06 13:20:00,5.44,-522.7,9.72
2023-05-06 13:21:00,3.53,-522.7,9.72
2023-05-06 13:22:00,3.11,,
2023-05-06 13:23:00,3.29,-517.5,9.92
2023-05-06 13:24:00,2.52,-517.5,9.92
2023-05-06 13:25:00,2.77,-515.6,10.35
2023-05-06 13:26:00,3.08,-516.1,10.25
2023-05-06 13:27:00,3.92,-518.8,10.41
2023-05-06 13:28:00,4.22,-520.4,10.46
2023-05-06 13:29:00,3.26,-522.9,9.59
2023-05-06 13:30:00,3.46,-522.7,9.38
2023-05-06 13:31:00,2.02,-522.2,9.67
2023-05-06 13:32:00,2.01,-528.1,10.42
2023-05-06 13:33:00,2.13,-523.6,8.57
2023-05-06 13:34:00,1.25,-524.7,9.56
2023-05-06 13:35:00,1.22,-525.8,9.99
2023-05-06 13:36:00,2.01,-524.9,11.34
2023-05-06 13:37:00,2.35,-520.8,9.67
2023-05-06 13:38:00,1.71,-519.7,8.77
2023-05-06 13:39:00,1.41,-520.3,8.69
2023-05-06 13:40:00,1.56,-519.2,9.1
2023-05-06 13:41:00,1.96,-518.0,9.71
2023-05-06 13:42:00,1.72,-518.7,9.4
2023-05-06 13:43:00,0.9,-524.6,8.51
2023-05-06 13:44:00,0.98,-522.8,9.43
2023-05-06 13:45:00,-0.05,-522.6,9.34
2023-05-06 13:46:00,0.87,-523.9,8.69
2023-05-06 13:47:00,0.27,-523.1,8.7
2023-05-06 13:48:00,-0.29,-520.8,8.56
2023-05-06 13:49:00,0.39,-525.3,8.01
2023-05-06 13:50:00,-0.41,-527.8,7.8
2023-05-06 13:51:00,-1.37,-527.5,7.61
2023-05-06 13:52:00,-1.39,-529.1,7.44
2023-05-06 13:53:00,-0.8,-526.3,7.31
2023-05-06 13:54:00,-0.69,-530.5,6.89
2023-05-06 13:55:00,0.59,-527.2,8.51
2023-05-06 13:56:00,0.78,-525.2,8.88
2023-05-06 13:57:00,0.12,,
2023-05-06 13:58:00,0.44,-531.9,8.43
2023-05-06 13:59:00,0.75,-534.1,7.91
2023-05-06 14:00:00,0.71,-525.8,7.94
2023-05-06 14:01:00,0.74,-522.9,8.02
2023-05-06 14:02:00,1.47,-521.8,7.98
2023-05-06 14:03:00,3.93,-524.6,7.83
2023-05-06 14:04:00,4.46,-523.9,7.75
2023-05-06 14:05:00,3.26,-523.3,7.73
2023-05-06 14:06:00,2.3,-520.1,7.66
2023-05-06 14:07:00,2.75,-520.6,7.66
2023-05-06 14:08:00,2.44,-523.1,7.68
2023-05-06 14:09:00,1.89,-523.8,7.49
2023-05-06 14:10:00,1.37,-523.8,7.49
2023-05-06 14:11:00,0.6,,
2023-05-06 14:12:00,0.1,,
2023-05-06 14:13:00,1.72,-517.8,7.55
2023-05-06 14:14:00,2.27,-517.8,7.55
2023-05-06 14:15:00,2.71,-519.3,7.68
2023-05-06 14:16:00,3.03,-519.4,7.69
2023-05-06 14:17:00,2.82,-519.0,7.92
2023-05-06 14:18:00,3.2,-519.0,7.92
2023-05-06 14:19:00,3.03,,
2023-05-06 14:20:00,2.26,-516.8,7.66
2023-05-06 14:21:00,1.66,-516.8,7.65
2023-05-06 14:22:00,0.61,-515.8,7.43
2023-05-06 14:23:00,0.36,-514.6,7.39
2023-05-06 14:24:00,0.39,-514.3,7.38
2023-05-06 14:25:00,0.42,-513.2,7.47
2023-05-06 14:26:00,0.64,-513.5,7.49
2023-05-06 14:27:00,0.5,-513.6,7.51
2023-05-06 14:28:00,0.26,-513.5,7.53
2023-05-06 14:29:00,-0.02,-512.2,7.66
2023-05-06 14:30:00,-0.19,-512.2,7.66
2023-05-06 14:31:00,-0.05,,
2023-05-06 14:32:00,-0.22,-513.3,7.98
2023-05-06 14:33:00,-0.62,-513.2,7.97
2023-05-06 14:34:00,-0.65,-511.3,7.59
2023-05-06 14:35:00,-0.38,-510.6,7.79
2023-05-06 14:36:00,-0.42,-510.5,7.83
2023-05-06 14:37:00,-0.09,-510.4,8.0
2023-05-06 14:38:00,0.2,-510.3,7.99
2023-05-06 14:39:00,-0.14,-507.9,7.72
2023-05-06 14:40:00,-0.12,-509.5,7.7
2023-05-06 14:41:00,-0.12,-509.9,7.69
2023-05-06 14:42:00,0.33,-507.9,7.54
2023-05-06 14:43:00,0.25,-508.7,7.63
2023-05-06 14:44:00,-0.12,-511.9,7.97
2023-05-06 14:45:00,-0.33,-513.1,8.11
2023-05-06 14:46:00,-0.29,-513.6,8.15
2023-05-06 14:47:00,-0.24,-514.3,8.2
2023-05-06 14:48:00,-0.43,-512.9,8.35
2023-05-06 14:49:00,-0.49,-513.4,8.09
2023-05-06 14:50:00,-0.46,-514.0,7.73
2023-05-06 14:51:00,-0.41,-511.6,7.68
2023-05-06 14:52:00,-0.31,-511.6,7.68
2023-05-06 14:53:00,-0.48,-508.7,7.97
2023-05-06 14:54:00,-0.49,-508.3,8.0
2023-05-06 14:55:00,-0.6,-507.3,8.09
2023-05-06 14:56:00,-0.84,-512.2,7.96
2023-05-06 14:57:00,-0.97,-511.7,7.96
2023-05-06 14:58:00,-0.78,-510.3,7.97
2023-05-06 14:59:00,-0.54,-512.0,7.84
2023-05-06 15:00:00,-0.69,-510.5,7.89
2023-05-06 15:01:00,-0.67,-512.8,7.97
2023-05-06 15:02:00,-0.48,-512.8,7.97
2023-05-06 15:03:00,-0.45,-511.1,7.98
2023-05-06 15:04:00,-0.51,-511.1,7.98
2023-05-06 15:05:00,-0.6,-511.5,7.78
2023-05-06 15:06:00,-0.64,-511.5,7.78
2023-05-06 15:07:00,-0.4,-511.5,7.78
2023-05-06 15:08:00,-0.34,,
2023-05-06 15:09:00,-0.23,-511.0,7.96
2023-05-06 15:10:00,-0.36,-511.0,7.96
2023-05-06 15:11:00,-0.31,,
2023-05-06 15:12:00,-0.23,,
2023-05-06 15:13:00,-0.15,,
2023-05-06 15:14:00,0.15,-510.7,8.24
2023-05-06 15:15:00,0.36,-510.7,8.24
2023-05-06 15:16:00,0.59,-510.7,8.24
2023-05-06 15:17:00,,,
2023-05-06 15:18:00,,,
2023-05-06 15:19:00,0.49,,
2023-05-06 15:20:00,,,
2023-05-06 15:21:00,0.24,,
2023-05-06 15:22:00,0.24,,
2023-05-06 15:23:00,-0.06,,
2023-05-06 15:24:00,-0.15,,
2023-05-06 15:25:00,-0.15,,
2023-05-06 15:26:00,0.77,,
2023-05-06 15:27:00,0.92,,
2023-05-06 15:28:00,0.92,,
2023-05-06 15:29:00,1.31,,
2023-05-06 15:30:00,,,
2023-05-06 15:31:00,-0.53,,
2023-05-06 15:32:00,1.36,,
2023-05-06 15:33:00,1.79,,
2023-05-06 15:34:00,2.78,-502.5,9.4
2023-05-06 15:35:00,-1.09,-502.5,9.4
2023-05-06 15:36:00,1.54,-502.5,9.4
2023-05-06 15:37:00,-2.4,,
2023-05-06 15:38:00,3.7,,
2023-05-06 15:39:00,2.46,,
2023-05-06 15:40:00,0.98,,
2023-05-06 15:41:00,-1.21,,
2023-05-06 15:42:00,-1.94,,
2023-05-06 15:43:00,,,
2023-05-06 15:44:00,-1.64,,
2023-05-06 15:45:00,-1.85,,
2023-05-06 15:46:00,-1.68,,
2023-05-06 15:47:00,,,
2023-05-06 15:48:00,2.85,-504.7,9.25
2023-05-06 15:49:00,3.57,-504.7,9.25
2023-05-06 15:50:00,-0.2,-504.7,9.25
2023-05-06 15:51:00,6.08,,
2023-05-06 15:52:00,2.39,,
2023-05-06 15:53:00,2.12,-510.7,8.87
2023-05-06 15:54:00,3.95,-511.2,8.83
2023-05-06 15:55:00,1.91,-515.6,8.49
2023-05-06 15:56:00,2.73,-516.4,8.43
2023-05-06 15:57:00,3.15,-512.0,8.03
2023-05-06 15:58:00,4.31,-516.2,7.63
2023-05-06 15:59:00,4.15,-523.7,7.4
2023-05-06 16:00:00,1.78,-523.1,8.01
2023-05-06 16:01:00,0.89,-529.8,7.12
2023-05-06 16:02:00,2.71,-529.8,7.12
2023-05-06 16:03:00,2.48,-521.1,8.13
2023-05-06 16:04:00,1.3,-520.7,8.03
2023-05-06 16:05:00,1.23,,
2023-05-06 16:06:00,3.59,-519.9,6.84
2023-05-06 16:07:00,1.68,-519.4,7.19
2023-05-06 16:08:00,3.67,-521.9,6.9
2023-05-06 16:09:00,1.28,-513.2,7.15
2023-05-06 16:10:00,1.24,-500.2,8.01
2023-05-06 16:11:00,-1.79,,
2023-05-06 16:12:00,-0.38,,
2023-05-06 16:13:00,0.87,,
2023-05-06 16:14:00,0.68,,
2023-05-06 16:15:00,0.29,,
2023-05-06 16:16:00,-0.32,-527.7,6.71
2023-05-06 16:17:00,-0.12,-527.7,6.71
2023-05-06 16:18:00,0.3,-527.7,6.71
2023-05-06 16:19:00,0.51,,
2023-05-06 16:20:00,0.68,,
2023-05-06 16:21:00,0.87,,
2023-05-06 16:22:00,1.61,-531.8,6.48
2023-05-06 16:23:00,1.69,-531.8,6.48
2023-05-06 16:24:00,1.69,-531.8,6.48
2023-05-06 16:25:00,1.24,,
2023-05-06 16:26:00,1.14,,
2023-05-06 16:27:00,1.02,,
2023-05-06 16:28:00,0.68,,
2023-05-06 16:29:00,0.57,,
2023-05-06 16:30:00,0.86,-530.2,6.83
2023-05-06 16:31:00,1.0,-530.2,6.83
2023-05-06 16:32:00,0.98,-530.2,6.83
2023-05-06 16:33:00,0.86,,
2023-05-06 16:34:00,0.45,,
2023-05-06 16:35:00,0.44,,
2023-05-06 16:36:00,0.34,,
2023-05-06 16:37:00,0.21,-530.2,6.34
2023-05-06 16:38:00,0.14,-530.7,6.41
2023-05-06 16:39:00,-0.15,-533.8,6.86
2023-05-06 16:40:00,-0.95,-529.5,6.75
2023-05-06 16:41:00,-0.99,-527.3,6.7
2023-05-06 16:42:00,-1.16,-527.3,6.7
2023-05-06 16:43:00,-0.38,,
2023-05-06 16:44:00,-0.49,,
2023-05-06 16:45:00,0.27,,
2023-05-06 16:46:00,1.59,-532.4,6.68
2023-05-06 16:47:00,0.61,-532.4,6.68
2023-05-06 16:48:00,0.4,-532.4,6.68
2023-05-06 16:49:00,1.61,-533.1,5.86
2023-05-06 16:50:00,1.18,-533.1,5.86
2023-05-06 16:51:00,3.37,,
2023-05-06 16:52:00,4.04,,
2023-05-06 16:53:00,3.54,-510.1,6.36
2023-05-06 16:54:00,3.17,-510.1,6.36
2023-05-06 16:55:00,3.15,,
2023-05-06 16:56:00,3.09,-509.5,6.71
2023-05-06 16:57:00,3.27,-509.5,6.71
2023-05-06 16:58:00,1.76,-505.8,6.03
2023-05-06 16:59:00,2.01,-505.8,6.03
2023-05-06 17:00:00,3.21,,
2023-05-06 17:01:00,3.34,-501.6,5.62
2023-05-06 17:02:00,3.61,-501.6,5.62
2023-05-06 17:03:00,3.46,,
2023-05-06 17:04:00,2.96,-499.6,5.48
2023-05-06 17:05:00,3.08,-499.6,5.48
2023-05-06 17:06:00,2.49,-499.5,5.62
2023-05-06 17:07:00,3.46,-499.5,5.63
2023-05-06 17:08:00,3.13,-499.5,5.63
2023-05-06 17:09:00,3.56,,
2023-05-06 17:10:00,3.71,,
2023-05-06 17:11:00,3.64,,
2023-05-06 17:12:00,3.14,-498.1,6.01
2023-05-06 17:13:00,3.32,-498.1,6.01
2023-05-06 17:14:00,3.7,-501.4,5.52
2023-05-06 17:15:00,3.89,-500.4,5.42
2023-05-06 17:16:00,3.79,-502.6,5.46
2023-05-06 17:17:00,3.32,-505.0,5.37
2023-05-06 17:18:00,1.79,-512.2,5.0
2023-05-06 17:19:00,1.83,-512.2,5.0
2023-05-06 17:20:00,1.9,,
2023-05-06 17:21:00,1.56,,
2023-05-06 17:22:00,1.74,,
2023-05-06 17:23:00,1.6,-503.6,5.69
2023-05-06 17:24:00,1.29,-499.8,6.12
2023-05-06 17:25:00,2.22,-503.9,5.5
2023-05-06 17:26:00,1.59,-506.2,5.01
2023-05-06 17:27:00,2.24,-507.6,4.7
2023-05-06 17:28:00,2.61,,
2023-05-06 17:29:00,3.68,,
2023-05-06 17:30:00,2.13,-491.3,4.77
2023-05-06 17:31:00,1.28,-495.1,5.81
2023-05-06 17:32:00,1.5,-497.5,5.46
2023-05-06 17:33:00,1.62,-499.1,5.37
2023-05-06 17:34:00,1.64,-491.9,4.56
2023-05-06 17:35:00,1.85,-497.2,6.25
2023-05-06 17:36:00,1.33,-500.6,5.01
2023-05-06 17:37:00,1.42,-495.0,5.17
2023-05-06 17:38:00,1.61,-493.9,5.79
2023-05-06 17:39:00,2.19,-496.8,4.87
2023-05-06 17:40:00,2.44,-497.0,4.72
2023-05-06 17:41:00,2.82,-497.4,4.53
2023-05-06 17:42:00,1.65,,
2023-05-06 17:43:00,2.6,-495.4,4.37
2023-05-06 17:44:00,1.27,-495.4,4.37
2023-05-06 17:45:00,1.17,-495.4,4.37
2023-05-06 17:46:00,0.24,-494.1,4.54
2023-05-06 17:47:00,0.74,-496.4,4.65
2023-05-06 17:48:00,0.47,-496.7,4.78
2023-05-06 17:49:00,0.29,-491.5,4.58
2023-05-06 17:50:00,0.47,-493.2,4.64
2023-05-06 17:51:00,1.04,-493.7,4.65
2023-05-06 17:52:00,0.27,,
2023-05-06 17:53:00,0.97,,
2023-05-06 17:54:00,2.11,-495.5,4.74
2023-05-06 17:55:00,2.68,-495.5,4.74
2023-05-06 17:56:00,2.63,-494.4,4.49
2023-05-06 17:57:00,2.58,-494.4,4.49
2023-05-06 17:58:00,2.93,-495.5,4.53
2023-05-06 17:59:00,2.62,-495.7,4.53
2023-05-06 18:00:00,2.32,-497.7,4.52
2023-05-06 18:01:00,2.15,-495.6,4.5
2023-05-06 18:02:00,1.27,-494.1,4.44
2023-05-06 18:03:00,1.1,-494.7,4.6
2023-05-06 18:04:00,1.0,-494.0,4.57
2023-05-06 18:05:00,0.73,,
2023-05-06 18:06:00,0.44,,
2023-05-06 18:07:00,0.34,-491.4,4.48
2023-05-06 18:08:00,0.61,-491.4,4.48
2023-05-06 18:09:00,0.33,,
2023-05-06 18:10:00,0.23,-494.5,4.73
2023-05-06 18:11:00,-0.58,-495.7,4.83
2023-05-06 18:12:00,0.32,-493.3,4.91
2023-05-06 18:13:00,0.14,-493.3,4.91
2023-05-06 18:14:00,-0.61,-494.8,5.01
2023-05-06 18:15:00,-0.81,-494.8,5.01
2023-05-06 18:16:00,-0.64,-494.6,5.13
2023-05-06 18:17:00,0.41,-495.9,5.33
2023-05-06 18:18:00,1.14,-496.4,5.24
2023-05-06 18:19:00,0.83,-496.6,5.3
2023-05-06 18:20:00,0.33,-496.7,5.34
2023-05-06 18:21:00,-0.32,-490.0,5.2
2023-05-06 18:22:00,-0.77,-490.0,5.2
2023-05-06 18:23:00,-1.07,-496.3,5.71
2023-05-06 18:24:00,-0.37,-493.7,5.65
2023-05-06 18:25:00,0.68,-510.9,5.54
2023-05-06 18:26:00,0.0,-516.0,5.71
2023-05-06 18:27:00,-0.51,-519.2,5.73
2023-05-06 18:28:00,-1.2,-518.3,5.98
2023-05-06 18:29:00,-0.92,-518.3,5.98
2023-05-06 18:30:00,-0.87,-512.9,5.71
2023-05-06 18:31:00,-0.21,-513.1,5.73
2023-05-06 18:32:00,0.56,-515.0,5.87
2023-05-06 18:33:00,-0.4,-515.1,5.84
2023-05-06 18:34:00,-0.45,,
2023-05-06 18:35:00,0.95,-515.8,5.45
2023-05-06 18:36:00,0.02,-515.1,5.41
2023-05-06 18:37:00,0.94,-503.1,4.88
2023-05-06 18:38:00,1.34,-504.9,4.79
2023-05-06 18:39:00,1.63,-500.6,4.31
2023-05-06 18:40:00,1.1,-505.9,4.89
2023-05-06 18:41:00,0.46,-503.5,4.96
2023-05-06 18:42:00,0.53,-500.8,4.83
2023-05-06 18:43:00,0.39,,
2023-05-06 18:44:00,0.23,-491.3,4.25
2023-05-06 18:45:00,0.02,-491.3,4.25
2023-05-06 18:46:00,-0.1,-491.3,4.25
2023-05-06 18:47:00,0.38,-521.1,5.26
2023-05-06 18:48:00,1.02,-520.7,5.24
2023-05-06 18:49:00,1.18,-492.9,4.14
2023-05-06 18:50:00,1.23,-496.2,4.38
2023-05-06 18:51:00,1.52,-504.6,4.95
2023-05-06 18:52:00,1.51,-522.2,5.44
2023-05-06 18:53:00,0.8,-512.2,5.09
2023-05-06 18:54:00,2.21,,
2023-05-06 18:55:00,4.28,,
2023-05-06 18:56:00,4.76,-521.3,5.31
2023-05-06 18:57:00,3.38,-520.7,5.32
2023-05-06 18:58:00,2.62,-516.3,5.38
2023-05-06 18:59:00,2.48,-516.3,5.38
2023-05-06 19:00:00,3.27,-533.3,5.16
2023-05-06 19:01:00,3.11,-533.3,5.16
2023-05-06 19:02:00,2.77,,
2023-05-06 19:03:00,3.13,-519.6,5.89
2023-05-06 19:04:00,2.46,-519.6,5.89
2023-05-06 19:05:00,2.77,-515.3,6.12
2023-05-06 19:06:00,1.97,-515.3,6.12
2023-05-06 19:07:00,1.75,-515.3,6.12
2023-05-06 19:08:00,3.52,-520.1,6.24
2023-05-06 19:09:00,3.03,-520.1,6.24
2023-05-06 19:10:00,3.15,-520.1,6.24
2023-05-06 19:11:00,3.93,-517.6,5.96
2023-05-06 19:12:00,2.15,-519.3,6.06
2023-05-06 19:13:00,2.61,-539.6,6.99
2023-05-06 19:14:00,2.58,-548.7,7.32
2023-05-06 19:15:00,1.39,,
2023-05-06 19:16:00,1.23,,
2023-05-06 19:17:00,3.04,,
2023-05-06 19:18:00,,,
2023-05-06 19:19:00,2.33,,
2023-05-06 19:20:00,2.72,-502.0,5.45
2023-05-06 19:21:00,3.42,-502.0,5.45
2023-05-06 19:22:00,3.13,,
2023-05-06 19:23:00,1.58,-502.2,4.59
2023-05-06 19:24:00,2.5,-502.2,4.59
2023-05-06 19:25:00,2.81,-501.7,4.8
2023-05-06 19:26:00,3.37,-507.2,5.82
2023-05-06 19:27:00,3.57,-509.4,5.93
2023-05-06 19:28:00,3.98,-527.8,7.03
2023-05-06 19:29:00,3.54,-527.8,7.03
2023-05-06 19:30:00,4.05,-525.6,6.84
2023-05-06 19:31:00,3.11,-524.7,6.86
2023-05-06 19:32:00,3.14,-523.7,6.89
2023-05-06 19:33:00,3.36,-524.3,6.87
2023-05-06 19:34:00,2.79,-524.3,6.87
2023-05-06 19:35:00,2.39,-524.3,6.87
2023-05-06 19:36:00,3.05,,
2023-05-06 19:37:00,4.47,-532.1,6.93
2023-05-06 19:38:00,4.74,-532.1,6.93
2023-05-06 19:39:00,5.74,,
2023-05-06 19:40:00,5.26,,
2023-05-06 19:41:00,6.33,-524.8,6.6
2023-05-06 19:42:00,5.78,-524.8,6.6
2023-05-06 19:43:00,5.21,-524.8,6.6
2023-05-06 19:44:00,6.41,-528.0,6.41
2023-05-06 19:45:00,7.76,-528.0,6.41
2023-05-06 19:46:00,7.57,,
2023-05-06 19:47:00,6.89,,
2023-05-06 19:48:00,7.83,,
2023-05-06 19:49:00,5.71,,
2023-05-06 19:50:00,5.83,-525.6,6.36
2023-05-06 19:51:00,5.94,-525.6,6.36
2023-05-06 19:52:00,4.27,,
2023-05-06 19:53:00,3.3,-518.8,6.22
2023-05-06 19:54:00,4.18,-518.8,6.22
2023-05-06 19:55:00,4.62,-518.8,6.22
2023-05-06 19:56:00,3.87,-513.7,6.27
2023-05-06 19:57:00,3.87,-513.7,6.27
2023-05-06 19:58:00,1.72,-514.2,6.36
2023-05-06 19:59:00,1.18,-522.2,7.79
2023-05-06 20:00:00,1.2,-517.7,7.66
2023-05-06 20:01:00,1.64,-512.8,7.57
2023-05-06 20:02:00,1.9,,
2023-05-06 20:03:00,2.84,-523.1,7.52
2023-05-06 20:04:00,2.25,-523.1,7.52
2023-05-06 20:05:00,1.38,-512.2,7.84
2023-05-06 20:06:00,1.66,-511.8,7.85
2023-05-06 20:07:00,1.65,,
2023-05-06 20:08:00,1.78,-503.1,5.92
2023-05-06 20:09:00,2.29,-513.1,7.04
2023-05-06 20:10:00,2.8,-517.0,7.17
2023-05-06 20:11:00,2.94,,
2023-05-06 20:12:00,3.92,,
2023-05-06 20:13:00,2.29,,
2023-05-06 20:14:00,1.95,,
2023-05-06 20:15:00,4.62,-510.9,6.58
2023-05-06 20:16:00,0.74,-510.9,6.58
2023-05-06 20:17:00,0.82,,
2023-05-06 20:18:00,1.11,,
2023-05-06 20:19:00,0.54,,
2023-05-06 20:20:00,1.06,-505.9,7.04
2023-05-06 20:21:00,0.15,-507.8,7.41
2023-05-06 20:22:00,2.24,-510.7,7.99
2023-05-06 20:23:00,1.93,-510.3,7.52
2023-05-06 20:24:00,3.09,-506.0,6.9
2023-05-06 20:25:00,3.31,,
2023-05-06 20:26:00,0.99,-503.1,6.24
2023-05-06 20:27:00,2.73,-503.1,6.24
2023-05-06 20:28:00,3.33,,
2023-05-06 20:29:00,2.92,,
2023-05-06 20:30:00,-1.1,-519.7,8.62
2023-05-06 20:31:00,-0.24,-519.3,8.81
2023-05-06 20:32:00,-0.84,-517.4,8.92
2023-05-06 20:33:00,0.74,-518.8,9.13
2023-05-06 20:34:00,0.45,-505.6,7.25
2023-05-06 20:35:00,-1.22,-497.8,6.08
2023-05-06 20:36:00,-0.08,-518.9,8.14
2023-05-06 20:37:00,-4.26,-519.2,8.17
2023-05-06 20:38:00,-0.65,-515.6,6.46
2023-05-06 20:39:00,1.84,-518.1,7.38
2023-05-06 20:40:00,3.56,-511.2,6.91
2023-05-06 20:41:00,2.12,-508.6,6.75
2023-05-06 20:42:00,3.55,-513.5,8.31
2023-05-06 20:43:00,3.51,-508.9,6.82
2023-05-06 20:44:00,3.06,-503.4,6.71
2023-05-06 20:45:00,3.3,-503.1,6.7
2023-05-06 20:46:00,5.04,-503.6,6.77
2023-05-06 20:47:00,3.77,-503.3,6.29
2023-05-06 20:48:00,4.19,-503.2,6.2
2023-05-06 20:49:00,4.36,-499.0,6.06
2023-05-06 20:50:00,3.39,-509.4,5.83
2023-05-06 20:51:00,5.35,-509.9,5.71
2023-05-06 20:52:00,6.65,-505.2,4.27
2023-05-06 20:53:00,7.0,-505.2,4.27
2023-05-06 20:54:00,6.9,,
2023-05-06 20:55:00,5.89,-526.2,7.22
2023-05-06 20:56:00,3.67,-524.2,6.98
2023-05-06 20:57:00,3.23,-537.6,7.43
2023-05-06 20:58:00,2.3,-507.4,5.99
2023-05-06 20:59:00,7.72,-522.5,7.46
2023-05-06 21:00:00,6.77,-518.6,6.82
2023-05-06 21:01:00,5.55,-516.0,6.38
2023-05-06 21:02:00,6.05,-516.0,6.38
2023-05-06 21:03:00,6.83,,
2023-05-06 21:04:00,8.0,-535.3,4.12
2023-05-06 21:05:00,6.44,-535.3,4.12
2023-05-06 21:06:00,8.69,-527.9,6.13
2023-05-06 21:07:00,7.68,-518.3,6.26
2023-05-06 21:08:00,7.98,-515.3,5.95
2023-05-06 21:09:00,7.43,-517.7,5.7
2023-05-06 21:10:00,7.22,-513.1,5.88
2023-05-06 21:11:00,7.95,-517.1,6.33
2023-05-06 21:12:00,7.3,,
2023-05-06 21:13:00,7.29,,
2023-05-06 21:14:00,6.8,,
2023-05-06 21:15:00,,,
2023-05-06 21:16:00,,,
2023-05-06 21:17:00,8.88,,
2023-05-06 21:18:00,8.88,,
2023-05-06 21:19:00,,,
2023-05-06 21:20:00,8.05,,
2023-05-06 21:21:00,8.12,,
2023-05-06 21:22:00,8.24,-518.4,5.95
2023-05-06 21:23:00,7.63,-518.2,6.2
2023-05-06 21:24:00,7.53,-525.2,6.14
2023-05-06 21:25:00,7.61,-525.8,6.11
2023-05-06 21:26:00,7.77,-525.8,6.11
2023-05-06 21:27:00,8.14,,
2023-05-06 21:28:00,8.45,,
2023-05-06 21:29:00,8.76,,
2023-05-06 21:30:00,8.31,,
2023-05-06 21:31:00,8.1,,
2023-05-06 21:32:00,8.45,,
2023-05-06 21:33:00,7.77,,
2023-05-06 21:34:00,8.03,,
2023-05-06 21:35:00,7.96,,
2023-05-06 21:36:00,7.81,,
2023-05-06 21:37:00,7.51,,
2023-05-06 21:38:00,6.25,,
2023-05-06 21:39:00,7.34,-498.3,5.12
2023-05-06 21:40:00,6.35,-498.3,5.12
2023-05-06 21:41:00,6.34,,
2023-05-06 21:42:00,7.18,,
2023-05-06 21:43:00,6.36,-517.7,5.84
2023-05-06 21:44:00,5.78,-517.7,5.84
2023-05-06 21:45:00,7.19,-517.7,5.84
2023-05-06 21:46:00,8.56,,
2023-05-06 21:47:00,6.44,,
2023-05-06 21:48:00,8.35,-495.5,5.47
2023-05-06 21:49:00,7.82,-495.5,5.47
2023-05-06 21:50:00,6.83,-486.0,5.62
2023-05-06 21:51:00,8.01,-485.5,5.64
2023-05-06 21:52:00,7.52,-496.0,5.58
2023-05-06 21:53:00,7.72,-496.6,6.15
2023-05-06 21:54:00,7.38,-497.2,5.77
2023-05-06 21:55:00,6.94,-491.5,5.19
2023-05-06 21:56:00,7.35,-491.5,5.19
2023-05-06 21:57:00,7.73,-492.4,5.59
2023-05-06 21:58:00,7.68,-491.1,5.55
2023-05-06 21:59:00,7.3,-490.8,5.52
2023-05-06 22:00:00,7.73,-498.1,6.07
2023-05-06 22:01:00,6.33,-489.7,5.51
2023-05-06 22:02:00,5.76,-486.0,5.22
2023-05-06 22:03:00,4.85,,
2023-05-06 22:04:00,8.47,-496.6,5.16
2023-05-06 22:05:00,8.57,-496.6,5.16
2023-05-06 22:06:00,4.86,-499.5,5.27
2023-05-06 22:07:00,7.38,-508.4,5.62
2023-05-06 22:08:00,6.37,-508.4,5.62
2023-05-06 22:09:00,7.46,-502.1,6.39
2023-05-06 22:10:00,7.13,-502.1,6.39
2023-05-06 22:11:00,5.08,-502.1,6.39
2023-05-06 22:12:00,5.03,-511.5,7.2
2023-05-06 22:13:00,7.71,-511.5,7.2
2023-05-06 22:14:00,6.52,-509.9,7.37
2023-05-06 22:15:00,5.59,-509.3,7.43
2023-05-06 22:16:00,3.67,,
2023-05-06 22:17:00,4.5,-504.8,7.45
2023-05-06 22:18:00,4.43,-505.0,7.4
2023-05-06 22:19:00,4.6,-505.1,7.29
2023-05-06 22:20:00,5.04,-503.6,7.27
2023-05-06 22:21:00,4.69,-504.7,7.27
2023-05-06 22:22:00,,-498.1,6.29
2023-05-06 22:23:00,,-498.1,6.29
2023-05-06 22:24:00,,,
2023-05-06 22:25:00,4.35,,
2023-05-06 22:26:00,5.75,-507.9,6.72
2023-05-06 22:27:00,4.39,-507.9,6.72
2023-05-06 22:28:00,5.95,-502.0,6.63
2023-05-06 22:29:00,5.83,-499.6,6.6
2023-05-06 22:30:00,5.75,-498.2,6.81
2023-05-06 22:31:00,5.58,-495.3,6.51
2023-05-06 22:32:00,6.44,-493.6,6.33
2023-05-06 22:33:00,5.95,,
2023-05-06 22:34:00,5.41,-511.7,7.82
2023-05-06 22:35:00,5.09,-511.7,7.82
2023-05-06 22:36:00,6.51,-498.7,6.3
2023-05-06 22:37:00,5.92,-503.2,6.58
2023-05-06 22:38:00,6.63,-504.8,6.53
2023-05-06 22:39:00,6.51,-502.5,6.42
2023-05-06 22:40:00,5.51,-502.5,6.42
2023-05-06 22:41:00,5.67,-499.7,5.11
2023-05-06 22:42:00,5.21,-499.6,5.25
2023-05-06 22:43:00,3.86,-498.5,6.33
2023-05-06 22:44:00,4.43,-496.3,5.74
2023-05-06 22:45:00,4.51,-501.0,5.35
2023-05-06 22:46:00,4.71,-505.4,5.17
2023-05-06 22:47:00,4.68,-489.4,5.45
2023-05-06 22:48:00,5.56,-489.7,5.47
2023-05-06 22:49:00,4.14,-495.5,5.54
2023-05-06 22:50:00,4.2,-499.5,5.7
2023-05-06 22:51:00,4.32,-505.4,6.15
2023-05-06 22:52:00,3.55,-502.8,6.03
2023-05-06 22:53:00,2.94,-502.8,6.03
2023-05-06 22:54:00,2.11,-502.8,6.03
2023-05-06 22:55:00,3.08,-509.8,5.55
2023-05-06 22:56:00,2.28,-509.8,5.55
2023-05-06 22:57:00,1.96,,
2023-05-06 22:58:00,1.2,,
2023-05-06 22:59:00,3.3,-512.5,5.7
2023-05-06 23:00:00,2.77,-511.8,5.68
2023-05-06 23:01:00,4.18,-495.0,5.23
2023-05-06 23:02:00,4.61,-503.6,4.88
2023-05-06 23:03:00,3.97,-504.7,4.83
2023-05-06 23:04:00,4.03,-495.9,4.46
2023-05-06 23:05:00,3.67,-498.6,4.3
2023-05-06 23:06:00,4.44,-480.9,4.1
2023-05-06 23:07:00,4.3,-480.9,4.1
2023-05-06 23:08:00,4.55,-493.5,4.54
2023-05-06 23:09:00,4.27,-494.3,4.98
2023-05-06 23:10:00,4.37,-498.4,4.85
2023-05-06 23:11:00,4.82,-495.6,4.52
2023-05-06 23:12:00,4.03,-494.8,4.8
2023-05-06 23:13:00,3.88,-496.6,4.96
2023-05-06 23:14:00,3.27,-495.8,5.03
2023-05-06 23:15:00,3.56,-495.1,5.01
2023-05-06 23:16:00,3.81,-495.0,5.01
2023-05-06 23:17:00,3.49,-487.6,4.75
2023-05-06 23:18:00,4.7,-487.6,4.75
2023-05-06 23:19:00,4.71,,
2023-05-06 23:20:00,5.5,,
2023-05-06 23:21:00,4.9,,
2023-05-06 23:22:00,5.29,,
2023-05-06 23:23:00,5.29,,
2023-05-06 23:24:00,5.17,-497.5,5.26
2023-05-06 23:25:00,,-497.5,5.26
2023-05-06 23:26:00,5.02,,
2023-05-06 23:27:00,,,
2023-05-06 23:28:00,4.97,,
2023-05-06 23:29:00,5.3,,
2023-05-06 23:30:00,5.3,,
2023-05-06 23:31:00,4.72,,
2023-05-06 23:32:00,,,
2023-05-06 23:33:00,4.88,,
2023-05-06 23:34:00,,-497.5,4.86
2023-05-06 23:35:00,5.1,-497.5,4.86
2023-05-06 23:36:00,4.89,-497.5,4.86
2023-05-06 23:37:00,4.89,,
2023-05-06 23:38:00,4.34,,
2023-05-06 23:39:00,,,
2023-05-06 23:40:00,4.26,,
2023-05-06 23:41:00,4.69,,
2023-05-06 23:42:00,4.42,,
2023-05-06 23:43:00,4.46,,
2023-05-06 23:44:00,4.34,,
2023-05-06 23:45:00,4.48,,
2023-05-06 23:46:00,4.27,,
2023-05-06 23:47:00,4.07,-493.2,4.89
2023-05-06 23:48:00,4.33,-496.6,4.63
2023-05-06 23:49:00,4.35,-504.8,4.11
2023-05-06 23:50:00,4.15,-505.2,4.09
2023-05-06 23:51:00,3.86,-509.3,4.39
2023-05-06 23:52:00,3.94,-509.3,4.39
2023-05-06 23:53:00,4.13,,
2023-05-06 23:54:00,3.79,-501.0,4.5
2023-05-06 23:55:00,3.38,-495.3,4.65
2023-05-06 23:56:00,3.77,-492.0,4.74
2023-05-06 23:57:00,3.24,-499.6,4.77
2023-05-06 23:58:00,3.04,-499.1,4.76
2023-05-06 23:59:00,3.55,-497.3,4.69
2023-05-07 00:00:00,3.35,-501.2,4.19
